chr2L:480305-480305^199`SRR3133328.21543131_21543131/1_overlapping`83~163#0	11	6	.................................................................................................................................................................FFFFFFMMMMMMMMMMMMMMMMMMMMMMMMMMMMMMMMMMMMMMMMMMMMMMMMMMMMMMMMMMMMMMMMMMMMMMMMMMMMMMMMMMMMMMMMMMMMMMMMMMMMMMMMMMMMMMMMMMMMMMMMMMMMMMMMMMMMMM
chr2L:480305-480305^199`SRR3133329.16394977_16394977/1_overlapping`83~163#0	11	8	.................................................................................................................................................................FFFFFFFFMMMMMMMMMMMMMMMMMMMMMMMMMMMMMMMMMMMMMMMMMMMMMMMMMMMMMMMMMMMMMMMMMMMMMMMMMMMMMMMMMMMMMMMMMMMMMMMMMMMMMMMMMMMMMMMMMMMMMMMMMMMMMMMMMMMM
chr2L:480305-480305^199`SRR3133329.39601526_39601526/1_overlapping`83~163#0	-150	33	FFFFFFFFFFFFFFFFFFFFFFFFFFFFFFFFF.........................................................................................................................................FFFFFFFFFFFFFMMMMMMMMMMMMMMMMMMMMMMMMMMMMMMMMMMMMMMMMMMMMMMMMMMMMMMMMMMMMMMMMMMMMMMMMMMMMMMMMMMMMMMMMMMMMMMMMMMMMMMMMMMMMMMMMMMMMMM
chr2L:480305-480305^199`SRR3133326.39492779_39492779/1_overlapping`83~163#0	-134	32	................FFFFFFFFFFFFFFFFFFFFFFFFFFFFFFFF.........................................................................................................................................FFMMMMMMMMMMMMMMMMMMMMMMMMMMMMMMMMMMMMMMMMMMMMMMMMMMMMMMMMMMMMMMMMMMMMMMMMMMMMMMMMMMMMMMMMMMMMMMMMMMMMMMMMMMMMMMMMMM
chr2L:480305-480305^199`SRR3133327.45376417_45376417/1_overlapping`83~163#0	-116	109	..................................FFFFFFFFFFFFFFFFFFFFFFFFFFFFFFFFFFFFFFFFFFFFFFFFFFFFFFFFFFFFFFFFFFFFFFFFFFFFFFFFFFFFFFFFFFFFFFFFFFFFFFFFFFFFF..........................................FFMMMMMMMMMMMMMMMMMMMMMMMMMMMMMMMMMMMMMMMMMMMMMMMMMMMMMMMMMMMMMMMMMMMMMMMMMMMMMMMMMMMMMMMMMMMMMMMMMMMMMMMMMMMMMMMMMM
chr2L:480305-480305^199`SRR3133328.42169959_42169959/1_overlapping`83~163#0	19	15	.........................................................................................................................................................................FFFFFFFFFFFFFFF.FFMMMMMMMMMMMMMMMMMMMMMMMMMMMMMMMMMMMMMMMMMMMMMMMMMMMMMMMMMMMMMMMMMMMMMMMMMMMMMMMMMMMMMMMMMMMMMMMMMMMMMMMMMMMMMMMMMM
chr2L:480305-480305^199`SRR3133329.37941668_37941668/1_overlapping`83~163#0	-150	143	FFFFFFFFFFFFFFFFFFFFFFFFFFFFFFFFFFFFFFFFFFFFFFFFFFFFFFFFFFFFFFFFFFFFFFFFFFFFFFFFFFFFFFFFFFFFFFFFFFFFFFFFFFFFFFFFFFFFFFFFFFFFFFFFFFFFFFFFFFFFFFF...................................................FFMMMMMMMMMMMMMMMMMMMMMMMMMMMMMMMMMMMMMMMMMMMMMMMMMMMMMMMMMMMMMMMMMMMMMMMMMMMMMMMMMMMMMMMMMMMMMMMMMMMMMMMMM
chr2L:480305-480305^199`SRR3133328.24168881_24168881/1_overlapping`83~163#0	-150	114	FFFFFFFFFFFFFFFFFFFFFFFFFFFFFFFFFFFFFFFFFFFFFFFFFFFFFFFFFFFFFFFFFFFFFFFFFFFFFFFFFFFFFFFFFFFFFFFFFFFFFFFFFFFFFFFFFF.FFFFFFFFFFFFFFFFFFFFFFFFFFFF.......................................................................FFFFFFFFFFMMMMMMMMMMMMMMMMMMMMMMMMMMMMMMMMMMMMMMMMMMMMMMMMMMMMMMMMMMMMMMMMMMMMMMMMMMMMM
chr2L:480305-480305^199`SRR3133329.24651186_24651186/1_overlapping`83~163#0	75	12	.................................................................................................................................................................................................................................FFFFFFFFFFFFMMMMMMMMMMMMMMMMMMMMMMMMMMMMMMMMMMMMMMMMMMMMMMMMMMMMMMMMMMMMMMMM
chr2L:480305-480305^199`SRR3133327.21323759_21323759/1_overlapping`83~163#0	64	30	......................................................................................................................................................................................................................FFFFFFFFFFFFFFFFFFFFFFFFFFFFFFMMMMMMMMMMMMMMMMMMMMMMMMMMMMMMMMMMMMMMMMMMMMMMMMMMMMMMMMM
chr2L:480305-480305^199`SRR3133326.41815487_41815487/1_overlapping`83~163#0	-149	142	.FFFFFFFFFFFFFFFFFFFFFFFFFFFFFFFFFFFFFFFFFFFFFFFFFFFFFFFFFFFFFFFFFFFFFFFFFFFFFFFFFFFFFFFFFFFFFFFFFFFFFFFFFFFFFFFFFFFFFFFFFFFFFFFFFFFFFFFFFFFFFF..................................................................................FFFFFFFFFFFFFFFFFFFFFMMMMMMMMMMMMMMMMMMMMMMMMMMMMMMMMMMMMMMMMMMMMMMMMMMMMMMM
chr2L:480305-480305^199`SRR3133326.37751163_37751163/1_overlapping`83~163#0	-149	14	.FFFFFFFFFFFFFF...............................................................................................................................................................................................................................................................FFFMMMMMMMMMMMMMMMMMMMMMMMMMMMM
chr2L:480305-480305^199`SRR3133328.36264456_36264456/1_overlapping`83~163#0	-116	14	..................................FFFFFFFFFFFFFF..............................................................................................................................................................................................................................FFFFFMMMMMMMMMMMMMMMMMMMMMMMMMM
chr2L:480305-480305^199`SRR3133326.39710233_39710233/1_overlapping`83~163#0	114	2	MM......................................................................................................................................................................................................................................................................FFMMMMMMMMMMMMMMMMMMMMMMMMMMMMMMMMMMM
chr2L:480305-480305^199`SRR3133326.21591928_21591928/1_overlapping`83~163#0	11	46	MMMMMMMMMMMMFFF................................................................FFFFFFFFFFFFFFFF..................................................................FFFFFFFFFFFFFFFFFFFFFFFFFFFFFFFFFFFFFFFFFFFFFFMMMMMMMMMMMMMMMMMMMMMMMMMMMMMMMMMMMMMMMMMMMMMMMMMMMMMMMMMMMMMMMMMMMMMMMMMMMMMMMMMMMMMMMMMMMMMM
chr2L:480305-480305^199`SRR3133328.37781987_37781987/1_overlapping`83~163#0	40	79	MMMMMMMMMMMMMMMMMMMMMMFFFFFFFFFFF.............................................................................................................................................................FFFFFFFFFFFFFFFFFFFFFFFFFFFFFFFFFFFFFFFFFFFFFFFFFFFFFFFFFFFFFFFFFFFFFFFFFFFFFFF.FFFFFFFFFFFFFFFFFFFFFFFFFFFFFFF
chr2L:480305-480305^199`SRR3133327.22916443_22916443/1_overlapping`83~163#0	20	79	MMMMMMMMMMMMMMMMMMMMMMMFFFFFFFFFFFFFFFFFFFFFFFFF..........................................................................................................................FFFFFFFFFFFFFFFFFFFFFFFFFFFFFFFFFFFFFFFFFFFFFFFFFFFFFFFFFFFFFFFFFFFFFFFFFFFFFFF...............FFFFFFFFFFFFFFMMMMMMMMMMMMMMMMMMMMMMM
chr2L:480305-480305^199`SRR3133329.27233575_27233575/1_overlapping`83~163#0	-114	59	MMMMMMMMMMMMMMMMMMMMMMMMMMMMMMMMMMMMFFFFFFFFFFFFFFFFFFFFFFFFFFFFFFFFFFFFFFFFFFFFFFFFFFFFFFFFFFF.FFFFFFFFFFFFFFFFFFFFFFFFFFFFFF............................................FFFFMMMMMMMMMMMMMMMMMMMMMMMMMMMMMMMMMMMMMMMMMMMMMMMMMMMMMMMMMMMMMMMMMMMMMMMMMMMMMMMMMMMMMMMMMMMMMMMMMMMMMMMMMMMMMMMMMMMMMMMMMMMMMMM
chr2L:480305-480305^199`SRR3133329.15849478_15849478/1_overlapping`83~163#0	114	19	MMMMMMMMMMMMMMMMMMMMMMMMMMMMMMMMMMMMMMMFFFFFFFFF........................................................................................................................................................................................................................FFFFFFFFFFFFFFFFFFF..................
chr2L:480305-480305^199`SRR3133328.16846860_16846860/1_overlapping`83~163#0	-108	15	MMMMMMMMMMMMMMMMMMMMMMMMMMMMMMMMMMMMMMMMMMFFFFFFFFFFFFFFF...................................................................................................................................................................................................................................FFFFFFMMMMMMMMMMM
chr2L:480305-480305^199`SRR3133328.33773280_33773280/1_overlapping`83~163#0	-106	34	MMMMMMMMMMMMMMMMMMMMMMMMMMMMMMMMMMMMMMMMMMMMFFFFFFFFFFFFFFFFFFFFFFFFFFFFFFFFFF...............................................................................................................................................................................FFFFFFFMMMMMMMMMMMMMMMMMMMMMMMMMMMMMMMMMMMMMMMMM
chr2L:480305-480305^199`SRR3133328.38520251_38520251/1_overlapping`83~163#0	-104	97	MMMMMMMMMMMMMMMMMMMMMMMMMMMMMMMMMMMMMMMMMMMMMMFFFFFFFFFFFFFFFFFFFFFFFFFFFFFFFFFFFFFFFFFFFFFFFFFFFFFFFFFFFFFFFFFFFFFFFFFFFFFFFFFFFFFFFFFFFFFFFFF.......................................................................FFFFFFFFFMMMMMMMMMMMMMMMMMMMMMMMMMMMMMMMMMMMMMMMMMMMMMMMMMMMMMMMMMMMMMMMMMMMMMMMMMMMMMM
chr2L:480305-480305^199`SRR3133326.34897129_34897129/1_overlapping`83~163#0	64	6	MMMMMMMMMMMMMMMMMMMMMMMMMMMMMMMMMMMMMMMMMMMMMMMF......................................................................................................................................................................FFFFFFMMMMMMMMMMMMMMMMMMMMMMMMMMMMMMMMMMMMMMMMMMMMMMMMMMMMMMMMMMMMMMMMMMMMMMMMMMMMMMMMM
chr2L:480305-480305^199`SRR3133326.9137235_9137235/1_overlapping`83~163#0	100	51	MMMMMMMMMMMMMMMMMMMMMMMMMMMMMMMMMMMMMMMMMMMMMMMMMMMMMMMMMMMMMMMFFFFFFF....................................................................................................................................................................................FFFFFFFFFFFFFFFFFFFFFFFFFFFFFFFFFFFFFFFFFFFFFFFFFFF
chr2L:480305-480305^199`SRR3133326.33533109_33533109/1_overlapping`83~163#0	103	16	MMMMMMMMMMMMMMMMMMMMMMMMMMMMMMMMMMMMMMMMMMMMMMMMMMMMMMMMMMMMMMMFFFFFFF.......................................................................................................................................................................................FFFFFFFFFFFFFFFF................................
chr2L:480305-480305^199`SRR3133329.25113949_25113949/1_overlapping`83~163#0	100	51	MMMMMMMMMMMMMMMMMMMMMMMMMMMMMMMMMMMMMMMMMMMMMMMMMMMMMMMMMMMMMMMFFFFFFF....................................................................................................................................................................................FFFFFFFFFFFFFFFFFFFFFFFFFFFFFFFFFFFFFFFFFFFFFFFFFFF
chr2L:480305-480305^199`SRR3133328.23876939_23876939/1_overlapping`83~163#0	-86	79	MMMMMMMMMMMMMMMMMMMMMMMMMMMMMMMMMMMMMMMMMMMMMMMMMMMMMMMMMMMMMMMMFFFFFFFFFFFFFFFFFFFFFFFFFFFFFFFFFFFFFFFFFFFFFFFFFFFFFFFFFFFFFFFFFFFFFFFFFFFFFFF..................................................................................FFFFFFFFFFFFFFFFFFFFFFFFFFFFFFFFFFFFFFFFFFFFFFFFFFFFFFFFFFFFFFFFFFFFFFFFFFFF
chr2L:480305-480305^199`SRR3133326.10522191_10522191/1_overlapping`83~163#0	44	107	MMMMMMMMMMMMMMMMMMMMMMMMMMMMMMMMMMMMMMMMMMMMMMMMMMMMMMMMMMMMMMMMMMMMMMMMMMFFFFFFFFFFF.............................................................................................................FFFFFFFFFFFFFFFFFFFFFFFFFFFFFFFFFFFFFFFFFFFFFFFFFFFFFFFFFFFFFFFFFFFFFFFFFFFFFFFFFFFFFFFFFFFFFFFFFFFFFFFFFFF
chr2L:480305-480305^199`SRR3133326.8047363_8047363/1_overlapping`83~163#0	64	87	MMMMMMMMMMMMMMMMMMMMMMMMMMMMMMMMMMMMMMMMMMMMMMMMMMMMMMMMMMMMMMMMMMMMMMMMMMMFFF........................................................................................................................................FFFFFFFFFFFFFFFFFFFFFFFFFFFFFFFFFFFFFFFFFFFFFFFFFFFFFFFFFFFFFFFFFFFFFFFFFFFFFFFFFFFFFFF
chr2L:480305-480305^199`SRR3133326.37903296_37903296/1_overlapping`83~163#0	64	87	MMMMMMMMMMMMMMMMMMMMMMMMMMMMMMMMMMMMMMMMMMMMMMMMMMMMMMMMMMMMMMMMMMMMMMMMMMMMMMMMFFFFFFFFFFFFFFFFFFFFFFFFFFFFFFFFFFFFFFFFFFFFFFFFFFFFFFFFFFFFFFF.......................................................................FFFFFFFFFFFFFFFFFFFFFFFFFFFFFFFFFFFFFFFFFFFFFFFFFFFFFFFFFFFFFFFFFFFFFFFFFFFFFFFFFFFFFFF
chr2L:480305-480305^199`SRR3133326.47450130_47450130/1_overlapping`83~163#0	64	87	MMMMMMMMMMMMMMMMMMMMMMMMMMMMMMMMMMMMMMMMMMMMMMMMMMMMMMMMMMMMMMMMMMMMMMMMMMMMMMMMFFFFFFFFFFFFFFFFFFFFFFFFFFFFFFFFFFFFFFFFFFFFFFFFFFFFFFFFFFFFFFF.......................................................................FFFFFFFFFFFFFFFFFFFFFFFFFFFFFFFFFFFFFFFFFFFFFFFFFFFFFFFFFFFFFFFFFFFFFFFFFFFFFFFFFFFFFFF
chr2L:480305-480305^199`SRR3133329.19325954_19325954/1_overlapping`83~163#0	44	107	MMMMMMMMMMMMMMMMMMMMMMMMMMMMMMMMMMMMMMMMMMMMMMMMMMMMMMMMMMMMMMMMMMMMMMMMMMMMMMMMMMMFFFFFFFFFFFFFFFFFFFFFFFFFFFFFFF................................................................................FFFFFFFFFFFFFFFFFFFFFFFFFFFFFFFFFFFFFFFFFFFFFFFFFFFFFFFFFFFFFFFFFFFFFFFFFFFFFFFFFFFFFFFFFFFFFFFFFFFFFFFFFFF
chr2L:480305-480305^199`SRR3133326.44258685_44258685/1_overlapping`83~163#0	100	28	MMMMMMMMMMMMMMMMMMMMMMMMMMMMMMMMMMMMMMMMMMMMMMMMMMMMMMMMMMMMMMMMMMMMMMMMMMMMMMMMMMMMMMMFFFFFFFF...........................................................................................................................................................FFFFFFFFFFFFFFFFFFFFFFFFFFFF.FFFFFFFFFFFFFFFFFFFFFF
chr2L:480305-480305^199`SRR3133326.45858601_45858601/1_overlapping`83~163#0	11	140	MMMMMMMMMMMMMMMMMMMMMMMMMMMMMMMMMMMMMMMMMMMMMMMMMMMMMMMMMMMMMMMMMMMMMMMMMMMMMMMMMMMMMMMMFFFFFFF..................................................................FFFFFFFFFFFFFFFFFFFFFFFFFFFFFFFFFFFFFFFFFFFFFFFFFFFFFFFFFFFFFFFFFFFFFFFFFFFFFFFFFFFFFFFFFFFFFFFFFFFFFFFFFFFFFFFFFFFFFFFFFFFFFFFFFFFFFFFFFFFF
chr2L:480305-480305^199`SRR3133329.2695627_2695627/1_overlapping`83~163#0	35	116	MMMMMMMMMMMMMMMMMMMMMMMMMMMMMMMMMMMMMMMMMMMMMMMMMMMMMMMMMMMMMMMMMMMMMMMMMMMMMMMMMMMMMMMMMMMMFFF..........................................................................................FFFFFFFFFFFFFFFFFFFFFFFFFFFFFFFFFFFFFFFFFFFFFFFFFFFFFFFFFFFFFFFFFFFFFFFFFFFFFFFFFFFFFFFFFFFFFFFFFFFFFFFFFFFFFFFFFFFF
chr2L:480305-480305^199`SRR3133328.13177975_13177975/1_overlapping`83~163#0	-150	0	MMMMMMMMMMMMMMMMMMMMMMMMMMMMMMMMMMMMMMMMMMMMMMMMMMMMMMMMMMMMMMMMMMMMMMMMMMMMMMMMMMMMMMMMMMMMMMM..............................................................................................................................................................................................................
chr2L:480305-480305^199`SRR3133326.34250315_34250315/1_overlapping`83~163#0	44	107	MMMMMMMMMMMMMMMMMMMMMMMMMMMMMMMMMMMMMMMMMMMMMMMMMMMMMMMMMMMMMMMMMMMMMMMMMMMMMMMMMMMMMMMMMMMMMMMMM.................................................................................................FFFFFFFFFFFFFFFFFFFFFFFFFFFFFFFFFFFFFFFFFFFFFFFFFFFFFFFFFFFFFFFFFFFFFFFFFFFFFFFFFFFFFFFFFFFFFFFFFFFFFFFFFFF
chr2L:480305-480305^199`SRR3133326.42093144_42093144/1_overlapping`83~163#0	-53	17	MMMMMMMMMMMMMMMMMMMMMMMMMMMMMMMMMMMMMMMMMMMMMMMMMMMMMMMMMMMMMMMMMMMMMMMMMMMMMMMMMMMMMMMMMMMMMMMMMFFFFFFFFFFFFFFFFF...........................................................................................................................................................................................
chr2L:480305-480305^199`SRR3133327.23368909_23368909/1_overlapping`83~163#0	11	117	MMMMMMMMMMMMMMMMMMMMMMMMMMMMMMMMMMMMMMMMMMMMMMMMMMMMMMMMMMMMMMMMMMMMMMMMMMMMMMMMMMMMMMMMMMMMMMMMMMMMMFFFFFFFFFFFFF...............................................FFFFFFFFFFFFFFFFFFFFFFFFFFFFFFFFFFFFFFFFFFFFFFFFFFFFFFFFFFFFFFFFFFFFFFFFFFFFFFFFFFFFFFFFFFFFFFFFFFFFFFFFFFFFFFFFFFFFF.FFFFFFFFFFFFFFFFFFFFFF
chr2L:480305-480305^199`SRR3133327.36499698_36499698/1_overlapping`83~163#0	11	122	MMMMMMMMMMMMMMMMMMMMMMMMMMMMMMMMMMMMMMMMMMMMMMMMMMMMMMMMMMMMMMMMMMMMMMMMMMMMMMMMMMMMMMMMMMMMMMMMMMMMMMMMMMMFFFFFFF...............................................FFFFFFFFFFFFFFFFFFFFFFFFFFFFFFFFFFFFFFFFFFFFFFFFFFFFFFFFFFFFFFFFFFFFFFFFFFFFFFFFFFFFFFFFFFFFFFFFFFFFFFFFFFFFFFFFFFFFFFFFFF..................
chr2L:480305-480305^199`SRR3133328.11233309_11233309/1_overlapping`83~163#0	-35	28	MMMMMMMMMMMMMMMMMMMMMMMMMMMMMMMMMMMMMMMMMMMMMMMMMMMMMMMMMMMMMMMMMMMMMMMMMMMMMMMMMMMMMMMMMMMMMMMMMMMMMMMMMMMFFFFFFF.FFFFFFFFFFFFFFFFFFFFFFFFFFFF........................................................................................................................................FFFFFFFFFFFF.FFFFFFFFF
chr2L:480305-480305^199`SRR3133326.8872033_8872033/1_adjacent`83~163#0	35	116	MMMMMMMMMMMMMMMMMMMMMMMMMMMMMMMMMMMMMMMMMMMMMMMMMMMMMMMMMMMMMMMMMMMMMMMMMMMMMMMMMMMMMMMMMMMMMMMMMMMMMMMMMMMMMMMMMF.FFFFFFFFFFFFFFFFFFFFFFFFFFFF..........................................FFFFFFFFFFFFFFFFFFFFFFFFFFFFFFFFFFFFFFFFFFFFFFFFFFFFFFFFFFFFFFFFFFFFFFFFFFFFFFFFFFFFFFFFFFFFFFFFFFFFFFFFFFFFFFFFFFFF
chr2L:480305-480305^199`SRR3133326.2818_2818/1_overlapping`83~163#0	120	31	MMMMMMMMMMMMMMMMMMMMMMMMMMMMMMMMMMMMMMMMMMMMMMMMMMMMMMMMMMMMMMMMMMMMMMMMMMMMMMMMMMMMMMMMMMMMMMMMMMMMMMMMMMMMMMMMMMMMMMMMMMMMMMMMMMMMMMFFFFFFFFF...............................................................................................................................FFFFFFFFFFFFFFFFFFFFFFFFFFFFFFF
chr2L:480305-480305^199`SRR3133327.14054439_14054439/1_overlapping`83~163#1	-23	33	.FFFFFFFFFFFFFF................................................................................................................FFFFFFFFFFFFFFFFFFFFFFFFFFFFFFFFF.FFFFFFFMMMMMMMMMMMMMMMMMMMMMMMMMMMMMMMMMMMMMMMMMMMMMMMMMMMMMMMMMMMMMMMMMMMMMMMMMMMMMMMMMMMMMMMMMMMMMMMMMMMMMMMMMMMMMMMMMMMMMMMMMMMMMMMMMMMMM
chr2L:480305-480305^199`SRR3133326.40841237_40841237/1_overlapping`83~163#1	-150	85	FFFFFFFFFFFFFFFFFFFFFFFFFFFFFFFFFFFFFFFFFFFFFFFFFFFFFFFFFFFFFFFFFFFFFFFFFFFFFFFFFFFFF...........FFFFFFFFFFFFFFFFFF.............FFFFFFFFFFFFFFFFFFFFFFFFFFFFFFFFFFFFFFFFFF.FFFFFFFFFFFFFFMMMMMMMMMMMMMMMMMMMMMMMMMMMMMMMMMMMMMMMMMMMMMMMMMMMMMMMMMMMMMMMMMMMMMMMMMMMMMMMMMMMMMMMMMMMMMMMMMMMMMMMMMMMMMMMMMMMMM
chr2L:480305-480305^199`SRR3133327.47900836_47900836/1_overlapping`83~163#1	-150	114	FFFFFFFFFFFFFFFFFFFFFFFFFFFFFFFFFFFFFFFFFFFFFFFFFFFFFFFFFFFFFFFFFFFFFFFFFFFFFFFFFFFFFFFFFFFFFFFFFFFFFFFFFFFFFFFFFF.............FFFFFFFFFFFFFFFFFFFFFFFFFFFFFFFFFFFFFFFFFF.FFFFFFFFFFFFFFFFMMMMMMMMMMMMMMMMMMMMMMMMMMMMMMMMMMMMMMMMMMMMMMMMMMMMMMMMMMMMMMMMMMMMMMMMMMMMMMMMMMMMMMMMMMMMMMMMMMMMMMMMMMMMMMMMMMM
chr2L:480305-480305^199`SRR3133326.24224456_24224456/1_overlapping`83~163#1	-23	33	FF.............................................................................................................................FFFFFFFFFFFFFFFFFFFFFFFFFFFFFFFFF.........FFFFFFFFFFFFFFF..........FMMMMMMMMMMMMMMMMMMMMMMMMMMMMMMMMMMMMMMMMMMMMMMMMMMMMMMMMMMMMMMMMMMMMMMMMMMMMMMMMMMMMMMMMMMMMMMMMMMMMMMMMMM
chr2L:480305-480305^199`SRR3133328.37085541_37085541/1_overlapping`83~163#1	-150	85	FFFFFFFFFFFFFFFFFFFFFFFFFFFFFFFFFFFFFFFFFFFFFFFFFFFFFFFFFFFFFFFFFFFFFFFFFFFFFFFFFFFFF..........................................FFFFFFFFFFFFFFFFFFFFFFFFFFFFFFFFFFFFFFFFF..........................FFFFMMMMMMMMMMMMMMMMMMMMMMMMMMMMMMMMMMMMMMMMMMMMMMMMMMMMMMMMMMMMMMMMMMMMMMMMMMMMMMMMMMMMMMMMMMMMMMMMMMMMMMM
chr2L:480305-480305^199`SRR3133326.33978932_33978932/1_overlapping`83~163#1	-150	48	FFFFFFFFFFFFFFFFFFFFFFFFFFFFFFFFFFFFFFFFFFFFFFFF...............................FFFFFFFFFFFFFFFF.................................................FFFFFFFFFFFFFFFFFFFFFFFF.........................................................FFFFFFFFFFFFFFFFFFFFFMMMMMMMMMMMMMMMMMMMMMMMMMMMMMMMMMMMMMMMMMMMMMMMMMMMMMMM
chr2L:480305-480305^199`SRR3133329.14046684_14046684/1_overlapping`83~163#1	-23	42	...............................................................................................................................FFFFFFFFFFFFFFFFFFFFFFFFFFFFFFFFFFFFFFFFFF.............................................FFFFFFFFFFFFFFFFFFFFFFFFFFFFFFFFFFF.FFFFFFFFFFFFMMMMMMMMMMMMMMMMMMMMMMMMMMMMMMMMMMMMMMM
chr2L:480305-480305^199`SRR3133327.28590579_28590579/1_overlapping`83~163#1	50	91	.FFFFFFFFFFFFFF................................................................................................................FFFFFFFFFFFFFFFFFFFFFFFFFFFFFFFFF........................................FFFFFFFFFFFFFFFFFFFFFFFFFFFFFFFFFFFFFFFFFFFFFFFFFFFFFFFFFFFFFFFFFFFFFFFFFFFFFFFFFFFFFFFFFFFMMMMMMMMMM
chr2L:480305-480305^199`SRR3133327.42910318_42910318/1_overlapping`83~163#1	-23	33	MMFFFFFFFFFFFFFFFFFFFFFFFFFFFFFFF..............................................FFFFFFFFFFFFFFFF................................FFFFFFFFFFFFFFFFFFFFFFFFFFFFFFFFF.................................................................FFFFFFFFFFFFFFFFFFFFFMMMMMMMMMMMMMMMMMMMMMMMMMMMMMMMMMMMMMMMMMMMMMMMMMMMMMMM
chr2L:480305-480305^199`SRR3133328.12658412_12658412/1_overlapping`83~163#1	-23	33	MMMMMMMMMMMMMMMMMFFFFFFFFFFFFFFFF..............................................................................................FFFFFFFFFFFFFFFFFFFFFFFFFFFFFFFFF............................................................................................................................FFFMMMMMMMMMMMMMM
chr2L:480305-480305^199`SRR3133326.25430446_25430446/1_adjacent`83~163#1	35	116	MMMMMMMMMMMMMMMMMMMMMMMMMMFFFFFFF...............................................................FFFFFFFFFFFFFFFFFF..............................FFFFFFFFFFFFFFFFFFFFFFFF.................FFFFFFFFFFFFFFFFFFFFFFFFFFFFFFFFFFFFFFFFFFFFFFFFFFFFFFFFFFFFFFFFFFFFFFFFFFFFFFFFFFFFFFFFFFFFFFFFFFFFFFFFFFFFFFFFFFFF
chr2L:480305-480305^199`SRR3133326.29472880_29472880/1_overlapping`83~163#1	-23	33	MMMMMMMMMMMMMMMMMMMMMMMMMMMMMMMMMMMMMMMMMMFFFFFF...............................................................................FFFFFFFFFFFFFFFFFFFFFFFFFFFFFFFFF............................................................................................................................FFFFFFFFFFFFFFMMM
chr2L:480305-480305^199`SRR3133327.21213000_21213000/1_overlapping`83~163#1	-23	33	MMMMMMMMMMMMMMMMMMMMMMMMMMMMMMMMMMMMMMMMMMMMMMFF...............................................................................FFFFFFFFFFFFFFFFFFFFFFFFFFFFFFFFF..........................................................................................FFFFFFFFFFFFFFFFFFF.FMMMMMMMMMMMMMMMMMMMMMMMMMMMMMM
chr2L:480305-480305^199`SRR3133328.32688261_32688261/1_overlapping`83~163#1	-23	33	MMMMMMMMMMMMMMMMMMMMMMMMMMMMMMMMMMMMMMMMMMMMMMMMMMMMFFFFF......................................................................FFFFFFFFFFFFFFFFFFFFFFFFFFFFFFFFF............................................................................................................................FFFFFFFFFFFFFFFFF
chr2L:480305-480305^199`SRR3133328.4362689_4362689/1_overlapping`83~163#1	-92	56	MMMMMMMMMMMMMMMMMMMMMMMMMMMMMMMMMMMMMMMMMMMMMMMMMMMMMMMMM.FFFFFFFFFFFFFFFFFFFFFFFFFFFFFFFFFFFFFFFFFFFFFFFFFFFFFFFF.............FFFFFFFFFFFFFFFFFFFFFFFFFFFFFFFFF........................................................................................................FFFFFFFFFFFFFF.FFFFFFFFFFFFFFFFFFFFFF
chr2L:480305-480305^199`SRR3133329.24367510_24367510/1_overlapping`83~163#1	35	116	MMMMMMMMMMMMMMMMMMMMMMMMMMMMMMMMMMMMMMMMMMMMMMMMMMMMMMMMMMMMMMFFFFFFFF.........................................................FFFFFFFFFFFFFFFFFFFFFFFFFFFFFFFFF.........................FFFFFFFFFFFFFFFFFFFFFFFFFFFFFFFFFFFFFFFFFFFFFFFFFFFFFFFFFFFFFFFFFFFFFFFFFFFFFFFFFFFFFFFFFFFFFFFFFFFFFFFFFFFFFFFFFFFF
chr2L:480305-480305^199`SRR3133326.14892156_14892156/1_overlapping`83~163#1	20	131	MMMMMMMMMMMMMMMMMMMMMMMMMMMMMMMMMMMMMMMMMMMMMMMMMMMMMMMMMMMMMMMMMMFFFF.FFFFFFFFFFFFFF...........................................................FFFFFFFFFFFFFFFFFFFFFFFF..FFFFFFFFFFFFFFFFFFFFFFFFFFFFFFFFFFFFFFFFFFFFFFFFFFFFFFFFFFFFFFFFFFFFFFFFFFFFFFFFFFFFFFFFFFFFFFFFFFFFFFFFFFFFFFFFFFFFFFFFFFFFFFFFFFF
chr2L:480305-480305^199`SRR3133326.10601769_10601769/1_overlapping`83~163#1	35	116	MMMMMMMMMMMMMMMMMMMMMMMMMMMMMMMMMMMMMMMMMMMMMMMMMMMMMMMMMMMMMMMMMMMMMM.........................................................FFFFFFFFFFFFFFFFFFFFFFFFFFFFFFFFFFFFFFFFFF................FFFFFFFFFFFFFFFFFFFFFFFFFFFFFFFFFFFFFFFFFFFFFFFFFFFFFFFFFFFFFFFFFFFFFFFFFFFFFFFFFFFFFFFFFFFFFFFFFFFFFFFFFFFFFFFFFFFF
chr2L:480305-480305^199`SRR3133327.31924014_31924014/1_overlapping`83~163#1	35	116	MMMMMMMMMMMMMMMMMMMMMMMMMMMMMMMMMMMMMMMMMMMMMMMMMMMMMMMMMMMMMMMMMMMMMM.........................................................FFFFFFFFFFFFFFFFFFFFFFFFFFFFFFFFFFFFFFFFFF................FFFFFFFFFFFFFFFFFFFFFFFFFFFFFFFFFFFFFFFFFFFFFFFFFFFFFFFFFFFFFFFFFFFFFFFFFFFFFFFFFFFFFFFFFFFFFFFFFFFFFFFFFFFFFFFFFFFF
chr2L:480305-480305^199`SRR3133328.10021765_10021765/1_overlapping`83~163#1	100	51	MMMMMMMMMMMMMMMMMMMMMMMMMMMMMMMMMMMMMMMMMMMMMMMMMMMMMMMMMMMMMMMMMMMMMMMMMFFFFFFFFFFFFFFFFFFFFFF....................FFFFFFFFFFFFFFFFFFFFFFFFFFFFFFFFFFFFFFFFFFFFF..........................................................................................FFFFFFFFFFFFFFFFFFFFFFFFFFFFFFFFFFFFFFFFFFFFFFFFFFF
chr2L:480305-480305^199`SRR3133326.14684879_14684879/1_overlapping`83~163#1	-35	45	MMMMMMMMMMMMMMMMMMMMMMMMMMMMMMMMMMMMMMMMMMMMMMMMMMMMMMMMMMMMMMMMMMMMMMMMMMMMMMMMMFFFFFFFFFFFFFFFF..................FFFFFFFFFFFFFFFFFFFFFFFFFFFFFFFFFFFFFFFFFFFFF..........................................................................................FFFFFFFFFMMMMMMMMMMMMMMMMMMMMMMMMMMMMMMMMMMMMMMMMMM
chr2L:480305-480305^199`SRR3133327.10965505_10965505/1_overlapping`83~163#1	-23	42	MMMMMMMMMMMMMMMMMMMMMMMMMMMMMMMMMMMMMMMMMMMMMMMMMMMMMMMMMMMMMMMMMMMMMMMMMMMMMMMMMMMMMFFFFFFFFFF................................FFFFFFFFFFFFFFFFFFFFFFFFFFFFFFFFFFFFFFFFFF.............................................FFFFFFFFFFFFFFFFFFFFFFFFFFFFFFFFFFF.FFFFFFFFMMMMMMMMMMMMMMMMMMMMMMMMMMMMMMMMMMMMMMMMMMM
chr2L:480305-480305^199`SRR3133329.26754923_26754923/1_overlapping`83~163#1	-35	45	MMMMMMMMMMMMMMMMMMMMMMMMMMMMMMMMMMMMMMMMMMMMMMMMMMMMMMMMMMMMMMMMMMMMMMMMMMMMMMMMMMMMMMMMMMMMMMMMMMMFFFFFFFFFFFFFFF.FFFFFFFFFFFFFFFFFFFFFFFFFFFFFFFFFFFFFFFFFFFFF............................................................................................................................FFFFFFFFFFFFFFFFF
chr2L:480305-480305^199`SRR3133327.18202604_18202604/1_overlapping`83~163#1	75	76	MMMMMMMMMMMMMMMMMMMMMMMMMMMMMMMMMMMMMMMMMMMMMMMMMMMMMMMMMMMMMMMMMMMMMMMMMMMMMMMMMMMMMMMMMMMMMMMMMMMMMMMMMMMFFFFFFFFFFFFFFFFFFFFFFFFFFFFFFFFFFFF.FFFFFFFFFFFFFFFFFFFFFFFF.........................................................FFFFFFFFFFFFFFFFFFFFFFFFFFFFFFFFFFFFFFFFFFFFFFFFFFFFFFFFFFFFFFFFFFFFFFFFFFFF
chr2L:480305-480305^199`SRR3133329.31975021_31975021/1_overlapping`83~163#1	75	76	MMMMMMMMMMMMMMMMMMMMMMMMMMMMMMMMMMMMMMMMMMMMMMMMMMMMMMMMMMMMMMMMMMMMMMMMMMMMMMMMMMMMMMMMMMMMMMMMMMMMMMMMMMMMMMMMMMFFFFFFFFFFFF..................FFFFFFFFFFFFFFFFFFFFFFFF.........................................................FFFFFFFFFFFFFFFFFFFFFFFFFFFFFFFFFFFFFFFFFFFFFFFFFFFFFFFFFFFFFFFFFFFFFFFFFFFF
chr2L:480305-480305^199`SRR3133327.30007778_30007778/1_overlapping`83~163#1	64	87	MMMMMMMMMMMMMMMMMMMMMMMMMMMMMMMMMMMMMMMMMMMMMMMMMMMMMMMMMMMMMMMMMMMMMMMMMMMMMMMMMMMMMMMMMMMMMMMMMMMMMMMMMMMMMMMMMMMMMMFFFFFFFF.FFFFFFFFFFFFFFFFFFFFFFFFFFFFFFFFF..................................FFFFFFFFFFFFFFFFFFF.FFFFFFFFFFFFFFFFFFFFFFFFFFFFFFFFFFFFFFFFFFFFFFFFFFFFFFFFFFFFFFFFFFFFFFFFFFFFFFFFFFFFFFF
chr2L:480305-480305^199`SRR3133326.6379519_6379519/1_overlapping`83~163#1	64	87	MMMMMMMMMMMMMMMMMMMMMMMMMMMMMMMMMMMMMMMMMMMMMMMMMMMMMMMMMMMMMMMMMMMMMMMMMMMMMMMMMMMMMMMMMMMMMMMMMMMMMMMMMMMMMMMMMMMMMMMMMMMFFF.FFFFFFFFFFFFFFFFFFFFFFFFFFFFFFFFFFFFFFFFF..............................................FFFFFFFFFFFFFFFFFFFFFFFFFFFFFFFFFFFFFFFFFFFFFFFFFFFFFFFFFFFFFFFFFFFFFFFFFFFFFFFFFFFFFFF
chr2L:480305-480305^199`SRR3133328.27041950_27041950/1_overlapping`83~163#2	-150	143	FFFFFFFFFFFFFFFFFFFFFFFFFFFFFFFFFFFFFFFFFFFFFFFFFFFFFFFFFFFFFFFFFFFFFFFFFFFFFFFFFFFFFFFFFFFFFFFFFFFFFFFFFFFFFFFFFFFFFFFFFFFFFFFFFFFFFFFFFFFFFFF..................FFFFFFMMMMMMMMMMMMMMMMMMMMMMMMMMMMMMMMMMMMMMMMMMMMMMMMMMMMMMMMMMMMMMMMMMMMMMMMMMMMMMMMMMMMMMMMMMMMMMMMMMMMMMMMMMMMMMMMMMMMMMMMMMMMMMMMMMMMMM
chr2L:480305-480305^199`SRR3133328.30468306_30468306/1_overlapping`83~163#2	-35	54	.FFFFFFFFFFFFFF................................................................FFFFFFFFFFFFFFFF....................FFFFFFFFFFFFFFFFFFFFFFFFFFFFFFFFFFFFFFFFFFFFFFFFFFFFFFMMMMMMMMMMMMMMMMMMMMMMMMMMMMMMMMMMMMMMMMMMMMMMMMMMMMMMMMMMMMMMMMMMMMMMMMMMMMMMMMMMMMMMMMMMMMMMMMMMMMMMMMMMMMMMMMMMMMMMMMMMMMMMMMMMMM
chr2L:480305-480305^199`SRR3133329.24480384_24480384/1_overlapping`83~163#2	-35	54	.FFFFFFFFFFFFFF................................................................FFFFFFFFFFFFFFFF....................FFFFFFFFFFFFFFFFFFFFFFFFFFFFFFFFFFFFFFFFFFFFFFFFFFFFFFMMMMMMMMMMMMMMMMMMMMMMMMMMMMMMMMMMMMMMMMMMMMMMMMMMMMMMMMMMMMMMMMMMMMMMMMMMMMMMMMMMMMMMMMMMMMMMMMMMMMMMMMMMMMMMMMMMMMMMMMMMMMMMMMMMMM
chr2L:480305-480305^199`SRR3133328.15555355_15555355/1_overlapping`83~163#2	-64	91	FFFFFFFFFFFFFFF........................................................FFFFFFFFFFFFFF.FFFFFFFFFFFFFFFFFFFFFFFFFFFFFFFFFFFFFFFFFFFFFFFFFFFFFFFFFFFFFFFFFFFFFFFFFFFFFFFFFFFFFFFFFFFMMMMMMMMMMMMMMMMMMMMMMMMMMMMMMMMMMMMMMMMMMMMMMMMMMMMMMMMMMMMMMMMMMMMMMMMMMMMMMMMMMMMMMMMMMMMMMMMMMMMMMMMMMMMMMMMMMMMMMMMMMMM
chr2L:480305-480305^199`SRR3133327.31598243_31598243/1_overlapping`83~163#2	-52	84	.FFFFFFFFFFFFFF...................................................................................FFFFFFFFFFFFFFFFFFFFFFFFFFFFFFFFFFFFFFFFFFFFFFFFFFFFFFFFFFFFFFFFFFFFFFFFFFFFFFFFFFFFMMMMMMMMMMMMMMMMMMMMMMMMMMMMMMMMMMMMMMMMMMMMMMMMMMMMMMMMMMMMMMMMMMMMMMMMMMMMMMMMMMMMMMMMMMMMMMMMMMMMMMMMMMMMMMMMMMMMMMM
chr2L:480305-480305^199`SRR3133329.836681_836681/1_overlapping`83~163#2	-149	159	.FFFFFFFFFFFFFFFFFFFFFFFFFFFFFFFFFFFFFFFFFFFFFFFFFFFFFFFFFFFFFFFFFFFFFFFFFFFFFFFFFFFFFFFFFFFFFFFFFFFFFFFFFFFFFFFFFFFFFFFFFFFFFFFFFFFFFFFFFFFFFFFFFFFFFFFFFFFFFFF..........FFFFFFFFFFFFMMMMMMMMMMMMMMMMMMMMMMMMMMMMMMMMMMMMMMMMMMMMMMMMMMMMMMMMMMMMMMMMMMMMMMMMMMMMMMMMMMMMMMMMMMMMMMMMMMMMMMMMMMMMMMMMMMMMMMM
chr2L:480305-480305^199`SRR3133326.44263120_44263120/1_overlapping`83~163#2	-35	54	FFFFFFFFFFFFFFF....................................................................................................FFFFFFFFFFFFFFFFFFFFFFFFFFFFFFFFFFFFFFFFFFFFFFFFFFFFFF................FFFFMMMMMMMMMMMMMMMMMMMMMMMMMMMMMMMMMMMMMMMMMMMMMMMMMMMMMMMMMMMMMMMMMMMMMMMMMMMMMMMMMMMMMMMMMMMMMMMMMMMMMMMMMMMMMMMM
chr2L:480305-480305^199`SRR3133329.32357838_32357838/1_overlapping`83~163#2	-150	160	FFFFFFFFFFFFFFFFFFFFFFFFFFFFFFFFFFFFFFFFFFFFFFFFFFFFFFFFFFFFFFFFFFFFFFFFFFFFFFFFFFFFFFFFFFFFFFFFFFFFFFFFFFFFFFFFFFFFFFFFFFFFFFFFFFFFFFFFFFFFFFFFFFFFFFFFFFFFFFFF.FFFFFFFFFFFFFFFFFFFFFFF.FFFFMMMMMMMMMMMMMMMMMMMMMMMMMMMMMMMMMMMMMMMMMMMMMMMMMMMMMMMMMMMMMMMMMMMMMMMMMMMMMMMMMMMMMMMMMMMMMMMMMMMMMMMMMMMMMMMM
chr2L:480305-480305^199`SRR3133327.12319887_12319887/1_overlapping`83~163#2	-150	169	FFFFFFFFFFFFFFFFFFFFFFFFFFFFFFFFFFFFFFFFFFFFFFFFFFFFFFFFFFFFFFFFFFFFFFFFFFFFFFFFFFFFFFFFFFFFFFFFFFFFFFFFFFFFFFFFFFFFFFFFFFFFFFFFFFFFFFFFFFFFFFFFFFFFFFFFFFFFFFFFFFFFFFFFF.....................FFMMMMMMMMMMMMMMMMMMMMMMMMMMMMMMMMMMMMMMMMMMMMMMMMMMMMMMMMMMMMMMMMMMMMMMMMMMMMMMMMMMMMMMMMMMMMMMMMMMMMMMMMMMMMM
chr2L:480305-480305^199`SRR3133326.372979_372979/1_overlapping`83~163#2	-35	74	FF........................................................FFFFFFFFFFFF.............................................FFFFFFFFFFFFFFFFFFFFFFFFFFFFFFFFFFFFFFFFFFFFFFFFFFFFFFFFFFFFFFFFFFFFFFFFFF.FFFFMMMMMMMMMMMMMMMMMMMMMMMMMMMMMMMMMMMMMMMMMMMMMMMMMMMMMMMMMMMMMMMMMMMMMMMMMMMMMMMMMMMMMMMMMMMMMMMMMMMMMMMMMMM
chr2L:480305-480305^199`SRR3133328.15195028_15195028/1_overlapping`83~163#2	-97	116	FFFFFFFFFFFFFFFFFFFFFFFFFFFFFFFFFFFFFFFFFFFFFFFFFFFF.FFFFFFFFFFFFFFFFFFFFFFFFFFFFFFFFFFFFFFFFFFFFFFFFFFFFFFFFFFFFFFFFFFFFFFFFFFFFFFFFFFFFFFFFFFFFFFFFFFFFFFFFFFFFFFFFFFFF.........................FFFFMMMMMMMMMMMMMMMMMMMMMMMMMMMMMMMMMMMMMMMMMMMMMMMMMMMMMMMMMMMMMMMMMMMMMMMMMMMMMMMMMMMMMMMMMMMMMMMMMMMMMMM
chr2L:480305-480305^199`SRR3133327.2054626_2054626/1_overlapping`83~163#2	-54	105	FFFFFFFFFFFFFFFFFFFFFFFFFFFFFFFFF.........................FFFFFFFFFFFF..........................FFFFFFFFFFFFFFFFFFFFFFFFFFFFFFFFFFFFFFFFFFFFFFFFFFFFFFFFFFFFFFFFFFFFFFFFFFFFFFFFFFFFFFFFFFFFFFFFFFFFFFFFFMMMMMMMMMMMMMMMMMMMMMMMMMMMMMMMMMMMMMMMMMMMMMMMMMMMMMMMMMMMMMMMMMMMMMMMMMMMMMMMMMMMMMMMMMMMMMMMMMMMM
chr2L:480305-480305^199`SRR3133327.468554_468554/1_overlapping`83~163#2	-116	134	.FFFFFFFFFFFFFF...................FFFFFFFFFFFFFFFFFFFFFFFFFFFFFFFFFFFFFFFFFFFFFFFFFFFFFFFFFFFFFFFFFFFFFFFFFFFFFFFFFFFFFFFFFFFFFFFFFFFFFFFFFFFFFFFFFFFFFFFFFFFFFFFFFFFFFF.......................................FFFMMMMMMMMMMMMMMMMMMMMMMMMMMMMMMMMMMMMMMMMMMMMMMMMMMMMMMMMMMMMMMMMMMMMMMMMMMMMMMMMMMMMMMMMMMM
chr2L:480305-480305^199`SRR3133327.26737120_26737120/1_overlapping`83~163#2	-52	62	.FFFFFFFFFFFFFF...................................................................................FFFFFFFFFFFFFFFFFFFFFFFFFFFFFFFFFFFFFFFFFFFFFFFFFFFFFFFFFFFFFF...............................................FFFMMMMMMMMMMMMMMMMMMMMMMMMMMMMMMMMMMMMMMMMMMMMMMMMMMMMMMMMMMMMMMMMMMMMMMMMMMMMMMMMMMMMMMMMMMM
chr2L:480305-480305^199`SRR3133329.7447287_7447287/1_overlapping`83~163#2	-6	76	................................................................................................................................................FFFFFFFFFFFFFFFFFFFFFFFFFFFFFFFFFFFFFFFFFFFFFFFFFFFFFFFFFFFFFFFFFFFFFFFFFFFFMMMMMMMMMMMMMMMMMMMMMMMMMMMMMMMMMMMMMMMMMMMMMMMMMMMMMMMMMMMMMMMMMMMMMMMMMMMMMMMMM
chr2L:480305-480305^199`SRR3133326.24605770_24605770/1_overlapping`83~163#2	-116	126	FFFFFFFFFFFFFFF...................FFFFFFFFFFFFFFFFFFFFFFFFFFFFFFFFFFFFFFFFFFFFFFFFFFFFFFFFFFFFFFFFFFFFFFFFFFFFFFFFFFFFFFFFFFFFFFFFFFFFFFFFFFFFFFFFFFFFFFFFFFFFFF......................................................FFFFFFFFFMMMMMMMMMMMMMMMMMMMMMMMMMMMMMMMMMMMMMMMMMMMMMMMMMMMMMMMMMMMMMMMMMMMMMMMMMMMMMM
chr2L:480305-480305^199`SRR3133329.43815411_43815411/1_overlapping`83~163#2	-92	111	FFFFFFFFFFFFFFFFFFFFFFFFFFFFFFFFF.FFFFFFFFFFFFFFFFFF......FFFFFFFFFFFFFFFFFFFFFFFFFFFFFFFFFFFFFFFFFFFFFFFFFFFFFFFFFFFFFFFFFFFFFFFFFFFFFFFFFFFFFFFFFFFFFFFFFFFFFFFFFFFFFFF.............................................FFFFFFFFFFMMMMMMMMMMMMMMMMMMMMMMMMMMMMMMMMMMMMMMMMMMMMMMMMMMMMMMMMMMMMMMMMMMMMMMMMMMMMM
chr2L:480305-480305^199`SRR3133327.27923032_27923032/1_overlapping`83~163#2	-150	168	FFFFFFFFFFFFFFFFFFFFFFFFFFFFFFFFFFFFFFFFFFFFFFFFFFFFFFFFFFFFFFFFFFFFFFFFFFFFFFFFFFFFFFFFFFFFFFFFFFFFFFFFFFFFFFFFFFFFFFFFFFFFFFFFFFFFFFFFFFFFFFFFFFFFFFFFFFFFFFFFFFFFFFFF......................FFFFFFFFFFFFFFFFFFFFFFFFFFFFFFFFFFFFFFFFFFFFMMMMMMMMMMMMMMMMMMMMMMMMMMMMMMMMMMMMMMMMMMMMMMMMMMMMMMMMMMMMMMMMMMM
chr2L:480305-480305^199`SRR3133328.43287842_43287842/1_overlapping`83~163#2	-52	126	..................................................................................................FFFFFFFFFFFFFFFFFFFFFFFFFFFFFFFFFFFFFFFFFFFFFFFFFFFFFFFFFFFFFFFFFFFFFFFFFFFFFFFFFFFFFFFFFFFFFFFFFFFFFFFFFFFFFFFFFFFFFFFFFFFFFF.FFFFFFFFFFFMMMMMMMMMMMMMMMMMMMMMMMMMMMMMMMMMMMMMMMMMMMMMMMMMMMMMMMMMMMMMMMMM
chr2L:480305-480305^199`SRR3133329.16140328_16140328/1_overlapping`83~163#2	-116	126	..................................FFFFFFFFFFFFFFFFFFFFFFFFFFFFFFFFFFFFFFFFFFFFFFFFFFFFFFFFFFFFFFFFFFFFFFFFFFFFFFFFFFFFFFFFFFFFFFFFFFFFFFFFFFFFFFFFFFFFFFFFFFFFFF.................................................................FFFFFFFFFFFFFFFFFFFMMMMMMMMMMMMMMMMMMMMMMMMMMMMMMMMMMMMMMMMMMMMMMMMMMMMMMMMM
chr2L:480305-480305^199`SRR3133327.19062111_19062111/1_overlapping`83~163#2	-116	126	..................................FFFFFFFFFFFFFFFFFFFFFFFFFFFFFFFFFFFFFFFFFFFFFFFFFFFFFFFFFFFFFFFFFFFFFFFFFFFFFFFFFFFFFFFFFFFFFFFFFFFFFFFFFFFFFFFFFFFFFFFFFFFFFF.................................................................FFFFFFFFFFFFFFFFFFFFFFFFFMMMMMMMMMMMMMMMMMMMMMMMMMMMMMMMMMMMMMMMMMMMMMMMMMMM
chr2L:480305-480305^199`SRR3133327.41518583_41518583/1_overlapping`83~163#2	-116	126	..................................FFFFFFFFFFFFFFFFFFFFFFFFFFFFFFFFFFFFFFFFFFFFFFFFFFFFFFFFFFFFFFFFFFFFFFFFFFFFFFFFFFFFFFFFFFFFFFFFFFFFFFFFFFFFFFFFFFFFFFFFFFFFFF.................................................................FFFFFFFFFFFFFFFFFFFFFFFFFMMMMMMMMMMMMMMMMMMMMMMMMMMMMMMMMMMMMMMMMMMMMMMMMMMM
chr2L:480305-480305^199`SRR3133327.2436549_2436549/1_overlapping`83~163#2	-88	127	..............................................................FFFFFFFFFFFFFFFFFFFFFFFFFFFFFFFFFFFFFFFFFFFFFFFFFFFFFFFFFFFFFFFFFFFFFFFFFFFFFFFFFFFFFFFFFFFFFFFFFFFFFFFFFFFFFFFFFFFFFFFFFFFFFFF.............................................................FFFFMMMMMMMMMMMMMMMMMMMMMMMMMMMMMMMMMMMMMMMMMMMMMMM
chr2L:480305-480305^199`SRR3133327.6476168_6476168/1_overlapping`83~163#2	-23	122	...............................................................................................................................FFFFFFFFFFFFFFFFFFFFFFFFFFFFFFFFFFFFFFFFFFFFFFFFFFFFFFFFFFFFFFFFFFFFFFFFFFFFFFFFFFFFFFFFFFFFFFFFFFFFFFFFFFFFFFFFFFFFFFFFFF....FFFFFFFFFFFMMMMMMMMMMMMMMMMMMMMMMMMMMMMMMMMMMMMM
chr2L:480305-480305^199`SRR3133327.46335336_46335336/1_overlapping`83~163#2	-54	156	FFFFFFFFFFFFFFFFFFFFFFFFFFFFFFFFF...............................................................FFFFFFFFFFFFFFFFFFFFFFFFFFFFFFFFFFFFFFFFFFFFFFFFFFFFFFFFFFFFFFFFFFFFFFFFFFFFFFFFFFFFFFFFFFFFFFFFFFFFFFFFFFFFFFFFFFFFFFFFFFFFFFFFFFFFFFFFFFFFFFFFFFFFFFFFFFFF............FFFFFMMMMMMMMMMMMMMMMMMMMMMMMMMMMMMMM
chr2L:480305-480305^199`SRR3133329.42405542_42405542/1_overlapping`83~163#2	-101	111	FFFFFFFFFFFFFFFFFFFFFFFFFFFFFFFFFFFFFFFFFFFFFFFF.FFFFFFFFFFFFFFFFFFFFFFFFFFFFFFFFFFFFFFFFFFFFFFFFFFFFFFFFFFFFFFFFFFFFFFFFFFFFFFFFFFFFFFFFFFFFFFFFFFFFFFFFFFFFFFF..............................................................................................................FFFFFMMMMMMMMMMMMMMMMMMMMMMMMMM
chr2L:480305-480305^199`SRR3133328.17911018_17911018/1_overlapping`83~163#2	-35	134	MMFFFFFFFFFFFFF................................................................FFFFFFFFFFFFFFFF....................FFFFFFFFFFFFFFFFFFFFFFFFFFFFFFFFFFFFFFFFFFFFFFFFFFFFFFFFFFFFFFFFFFFFFFFFFFFFFFFFFFFFFFFFFFFFFFFFFFFFFFFFFFFFFFFFFFFFFFFFFFFFFFFFFFFFFF.....................FFFFFFFFFFFFF.FFFFFFFFFMMMMMMMM
chr2L:480305-480305^199`SRR3133327.48771691_48771691/1_overlapping`83~163#2	-92	126	MMMMMMMMMMMMMMMMMMMMMMMMMMFFFFFFF.........................FFFFFFFFFFFFFFFFFFFFFFFFFFFFFFFFFFFFFFFFFFFFFFFFFFFFFFFFFFFFFFFFFFFFFFFFFFFFFFFFFFFFFFFFFFFFFFFFFFFFFFFFFFFFFFFFFFFFFFFFFFFFFF..............................FFFFFFFFFFFFFFFFFFFFFFFFFFFFFFFFFFFFFFFFFFFFFFFFFFFFFFF.FFFFFFFFFFFFFFFFFFFFFFFFFFFFFMM
chr2L:480305-480305^199`SRR3133329.34371631_34371631/1_overlapping`83~163#2	-35	148	MMMMMMMMMMMMMMMMMMMMMMMMMMMMMMMMMMMFFFFFFFFFFFFF...................................................................FFFFFFFFFFFFFFFFFFFFFFFFFFFFFFFFFFFFFFFFFFFFFFFFFFFFFFFFFFFFFFFFFFFFFFFFFFFFFFFFFFFFFFFFFFFFFFFFFFFFFFFFFFFFFFFFFFFFFFFFFFFFFFFFFFFFFFFFFFFFFFFFFFFF.......FFFFFMMMMMMMMMMMMMMMMMMMMMMMMMM
chr2L:480305-480305^199`SRR3133328.41899211_41899211/1_overlapping`83~163#2	-35	54	MMMMMMMMMMMMMMMMMMMMMMMMMMMMMMMMMMMFFFFFFFFFFFFF...................................................................FFFFFFFFFFFFFFFFFFFFFFFFFFFFFFFFFFFFFFFFFFFFFFFFFFFFFF.................................................................................FFFFFFFFFFFFFFFFFFF..........FFFFFFFFFFFFFFFMMMMMMM
chr2L:480305-480305^199`SRR3133328.36138534_36138534/1_overlapping`83~163#2	-52	151	MMMMMMMMMMMMMMMMMMMMMMMMMMMMMMMMMMMFFFFFFFFFFFFF..................................................FFFFFFFFFFFFFFFFFFFFFFFFFFFFFFFFFFFFFFFFFFFFFFFFFFFFFFFFFFFFFFFFFFFFFFFFFFFFFFFFFFFFFFFFFFFFFFFFFFFFFFFFFFFFFFFFFFFFFFFFFFFFFFFFFFFFFFFFFFFFFFFFFFFFFFF...................................FFFFFFFFFFFFFFFFF
chr2L:480305-480305^199`SRR3133326.11216980_11216980/1_overlapping`83~163#2	-109	208	MMMMMMMMMMMMMMMMMMMMMMMMMMMMMMMMMMMMMMMMMFFFFFFFFFFFFFFFFFFFFFFFFFFFFFFFFFFFFFFFFFFFFFFFFFFFFFFFFFFFFFFFFFFFFFFFFFFFFFFFFFFFFFFFFFFFFFFFFFFFFFFFFFFFFFFFFFFFFFFFFFFFFFFFFFFFFFFFFFFFFFFFFFFFFFFFFFFFFFFFFFFFFFFFFFFFFFFFFFFFFFFFFFFFFFFFFFFFFFFFFFFFFFFFF.FFFFFFFFFFFFF................FFFFFFFFFFFFFFFFFFFFFF
chr2L:480305-480305^199`SRR3133326.6190520_6190520/1_overlapping`83~163#2	-101	120	MMMMMMMMMMMMMMMMMMMMMMMMMMMMMMMMMMMMMMMMMMMMMMFF.FFFFFFFFFFFFFFFFFFFFFFFFFFFFFFFFFFFFFFFFFFFFFFFFFFFFFFFFFFFFFFFFFFFFFFFFFFFFFFFFFFFFFFFFFFFFFFFFFFFFFFFFFFFFFFFFFFFFFFFF..............................................................................................................FFFFFFFFFFFFFFFFFFFFFF
chr2L:480305-480305^199`SRR3133326.13165532_13165532/1_overlapping`83~163#2	-6	125	MMMMMMMMMMMMMMMMMMMMMMMMMMMMMMMMMMMMMMMMMMMMMMMMMMMMFFFFF.......................................................................................FFFFFFFFFFFFFFFFFFFFFFFFFFFFFFFFFFFFFFFFFFFFFFFFFFFFFFFFFFFFFFFFFFFFFFFFFFFFFFFFFFFFFFFFFFFFFFFFFFFFFFFFFFFFFFFFFFFFFFFFFFFFF................................
chr2L:480305-480305^199`SRR3133329.36684035_36684035/1_overlapping`83~163#2	-97	116	MMMMMMMMMMMMMMMMMMMMMMMMMMMMMMMMMMMMMMMMMMMMMMMMMMMMMFFFFFFFFFFFFFFFFFFFFFFFFFFFFFFFFFFFFFFFFFFFFFFFFFFFFFFFFFFFFFFFFFFFFFFFFFFFFFFFFFFFFFFFFFFFFFFFFFFFFFFFFFFFFFFFFFFFF..............................................................................................................FFFFFFFFFFFFFFFFFFFFFF
chr2L:480305-480305^199`SRR3133328.19741806_19741806/1_overlapping`83~163#2	-35	148	MMMMMMMMMMMMMMMMMMMMMMMMMMMMMMMMMMMMMMMMMMMMMMMMMMMMMMFFF..........................................................FFFFFFFFFFFFFFFFFFFFFFFFFFFFFFFFFFFFFFFFFFFFFFFFFFFFFFFFFFFFFFFFFFFFFFFFFFFFFFFFFFFFFFFFFFFFFFFFFFFFFFFFFFFFFFFFFFFFFFFFFFFFFFFFFFFFFFFFFFFFFFFFFFFF.FFFFFFFFFFFFFFFFFFFFFFFFFFFFFFFFFFFFF
chr2L:480305-480305^199`SRR3133328.28573452_28573452/1_overlapping`83~163#2	-92	155	MMMMMMMMMMMMMMMMMMMMMMMMMMMMMMMMMMMMMMMMMMMMMMMMMMMMMMFFF.FFFFFFFFFFFFFFFFFFFFFFFFFFFFFFFFFFFFFFFFFFFFFFFFFFFFFFFFFFFFFFFFFFFFFFFFFFFFFFFFFFFFFFFFFFFFFFFFFFFFFFFFFFFFFFFFFFFFFFFFFFFFFFFFFFFFFFFFFFFFFFFFFFFFFFFFFFF........................................................................................
chr2L:480305-480305^199`SRR3133329.42777256_42777256/1_overlapping`83~163#2	-23	122	MMMMMMMMMMMMMMMMMMMMMMMMMMMMMMMMMMMMMMMMMMMMMMMMMMMMMMMMMFFFFFFFFFFFFFFFFFFFFFFFFFFFFFFFFFFFFFFFFFFFFFFFFFFFFFFFFFFFFFFFFFFFFF.FFFFFFFFFFFFFFFFFFFFFFFFFFFFFFFFFFFFFFFFFFFFFFFFFFFFFFFFFFFFFFFFFFFFFFFFFFFFFFFFFFFFFFFFFFFFFFFFFFFFFFFFFFFFFFFFFFFFFFFFFF.....................FFFFFFFFFFFFFFFFFFFFFFFFFFFFFFF
chr2L:480305-480305^199`SRR3133327.25965140_25965140/1_overlapping`83~163#2	-6	157	MMMMMMMMMMMMMMMMMMMMMMMMMMMMMMMMMMMMMMMMMMMMMMMMMMMMMMMMMMMMMMFFFFFFFF..........................................................................FFFFFFFFFFFFFFFFFFFFFFFFFFFFFFFFFFFFFFFFFFFFFFFFFFFFFFFFFFFFFFFFFFFFFFFFFFFFFFFFFFFFFFFFFFFFFFFFFFFFFFFFFFFFFFFFFFFFFFFFFFFFFFFFFFFFFFFFFFFFFFFFFFFFFFFFFFFFF
chr2L:480305-480305^199`SRR3133328.46172327_46172327/1_overlapping`83~163#2	-23	71	MMMMMMMMMMMMMMMMMMMMMMMMMMMMMMMMMMMMMMMMMMMMMMMMMMMMMMMMMMMMMMMFFFFFFFFFFFFFFFFFFFFFFFFFFFFFFFFFFFFFFFFFFFFFFFFFFF.............FFFFFFFFFFFFFFFFFFFFFFFFFFFFFFFFFFFFFFFFFFFFFFFFFFFFFFFFFFFFFFFFFFFFFFFMMMMMMMMMMMMMMMMMMMMMMMMMMMMMMMMMMMMMMMMMMMMMMMMMMMMMMMMMMMMMMMMMMMMMMMMMMMMMMMMMMMMMMMMMMMMMMMMMMMMMMM
chr2L:480305-480305^199`SRR3133326.2247651_2247651/1_overlapping`83~163#2	-6	55	MMMMMMMMMMMMMMMMMMMMMMMMMMMMMMMMMMMMMMMMMMMMMMMMMMMMMMMMMMMMMMMFFFFFFF..........................................................................FFFFFFFFFFFFFFFFFFFFFFFFFFFFFFFFFFFFFFFFFFFFFFFFFFFFFFF...................................................FFFFFFFFFFFFFFFFFFFFFFFFFFFFFFFFFFFFFFFFFFFFFFFFFFF
chr2L:480305-480305^199`SRR3133326.6754811_6754811/1_overlapping`83~163#2	-6	55	MMMMMMMMMMMMMMMMMMMMMMMMMMMMMMMMMMMMMMMMMMMMMMMMMMMMMMMMMMMMMMMFFFFFFF..........................................................................FFFFFFFFFFFFFFFFFFFFFFFFFFFFFFFFFFFFFFFFFFFFFFFFFFFFFFF...................................................FFFFFFFFFFFFFFFFFFFFFFFFFFFFFFFFFFFFFFFFFFFFFFFFFFF
chr2L:480305-480305^199`SRR3133328.31099685_31099685/1_overlapping`83~163#2	-6	157	MMMMMMMMMMMMMMMMMMMMMMMMMMMMMMMMMMMMMMMMMMMMMMMMMMMMMMMMMMMMMMMMFFFFFF..........................................................................FFFFFFFFFFFFFFFFFFFFFFFFFFFFFFFFFFFFFFFFFFFFFFFFFFFFFFFFFFFFFFFFFFFFFFFFFFFFFFFFFFFFFFFFFFFFFFFFFFFFFFFFFFFFFFFFFFFFFFFFFFFFFFFFFFFFFFFFFFFFFFFFFFFFFFFFFFFFF
chr2L:480305-480305^199`SRR3133329.27317315_27317315/1_overlapping`83~163#2	-23	151	MMMMMMMMMMMMMMMMMMMMMMMMMMMMMMMMMMMMMMMMMMMMMMMMMMMMMMMMMMMMMMMMMMMFFFFFFFFFFF.................................................FFFFFFFFFFFFFFFFFFFFFFFFFFFFFFFFFFFFFFFFFFFFFFFFFFFFFFFFFFFFFFFFFFFFFFFFFFFFFFFFFFFFFFFFFFFFFFFFFFFFFFFFFFFFFFFFFFFFFFFFFFFFFFFFFFFFFFFFFFFFFFFFFFFFFFF.FFFFFFFFFFFFFMMMMMMMMM
chr2L:480305-480305^199`SRR3133327.31989513_31989513/1_overlapping`83~163#2	-79	230	MMMMMMMMMMMMMMMMMMMMMMMMMMMMMMMMMMMMMMMMMMMMMMMMMMMMMMMMMMMMMMMMMMMMMMMFFFFFFFFFFFFFFFFFFFFFFFFFFFFFFFFFFFFFFFFFFFFFFFFFFFFFFFFFFFFFFFFFFFFFFFFFFFFFFFFFFFFFFFFFFFFFFFFFFFFFFFFFFFFFFFFFFFFFFFFFFFFFFFFFFFFFFFFFFFFFFFFFFFFFFFFFFFFFFFFFFFFFFFFFFFFFFFFFFFFFFFFFFFFFFFFFFFFFFFFFFFFFFFFFFFFFFFFFFFFFFFFFFFFFF
chr2L:480305-480305^199`SRR3133326.43244534_43244534/1_overlapping`83~163#2	-54	93	MMMMMMMMMMMMMMMMMMMMMMMMMMMMMMMMMMMMMMMMMMMMMMMMMMMMMMMMMMMMMMMMMMMMMMMMMMFFFFFFFFFFF...........FFFFFFFFFFFFFFFFFFFFFFFFFFFFFFFFFFFFFFFFFFFFFFFFFFFFFFFFFFFFFFFFFFFFFFFFFFFFFFFFFFFFFFFFFFFFF..............FFFFFFFFFF............FFFFFFFFFFFFFFFFFFFFFFFF....................................................
chr2L:480305-480305^199`SRR3133327.46820788_46820788/1_overlapping`83~163#2	-54	115	MMMMMMMMMMMMMMMMMMMMMMMMMMMMMMMMMMMMMMMMMMMMMMMMMMMMMMMMMMMMMMMMMMMMMMMMMMMMMMFFFFFFF...........FFFFFFFFFFFFFFFFFFFFFFFFFFFFFFFFFFFFFFFFFFFFFFFFFFFFFFFFFFFFFFFFFFFFFFFFFFFFFFFFFFFFFFFFFFFFFFFFFFFFFFFFFFFFFFFFFFF...FFFFFFFFFFFFFFFFFFFFFFFFFFFFFFFFFFF....................................................
chr2L:480305-480305^199`SRR3133328.41019958_41019958/1_overlapping`83~163#2	-6	134	MMMMMMMMMMMMMMMMMMMMMMMMMMMMMMMMMMMMMMMMMMMMMMMMMMMMMMMMMMMMMMMMMMMMMMMMMMMMMM..................FFFFFFFFFFFFFFFFFF..............................FFFFFFFFFFFFFFFFFFFFFFFFFFFFFFFFFFFFFFFFFFFFFFFFFFFFFFFFFFFFFFFFFFFFFFFFFFFFFFFFFFFFFFFFFFFFFFFFFFFFFFFFFFFFFFFFFFFFFFFFFFFFFFFFFFFFFF.......................
chr2L:480305-480305^199`SRR3133327.25518624_25518624/1_overlapping`83~163#2	-71	110	MMMMMMMMMMMMMMMMMMMMMMMMMMMMMMMMMMMMMMMMMMMMMMMMMMMMMMMMMMMMMMMMMMMMMMMMMMMMMMMFFFFFFFFFFFFFFFFFFFFFFFFFFFFFFFFFFFFFFFFFFFFFFFFFFFFFFFFFFFFFFFFFFFFFFFFFFFFFFFFFFFFFFFFFFFFFFFFFFFFFFFFFFFFFF.........................FFFFFFFFFFFFFFFFFFFFFFFFFFFFFFFFFFFFFFFFFFFFFFFFFFFFFFFFFFFFFFFFFFFFFFFFFFFFFFFFFFFFFFF
chr2L:480305-480305^199`SRR3133326.11981083_11981083/1_overlapping`83~163#2	11	122	MMMMMMMMMMMMMMMMMMMMMMMMMMMMMMMMMMMMMMMMMMMMMMMMMMMMMMMMMMMMMMMMMMMMMMMMMMMMMMMMFFFFFFFFFFFFFFFFFFFFFFFFFFFFFFFFFFFFFFFFFFFFFFFFFFFFFFFFFFFFFFFFFFFFFFFFFFFFFFFF.FFFFFFFFFFFFFFFFFFFFFFFFFFFFFFFFFFFFFFFFFFFFFFFFFFFFFFFFFFFFFFFFFFFFFFFFFFFFFFFFFFFFFFFFFFFFFFFFFFFFFFFFFFFFFFFFFFFFFFFFFF..................
chr2L:480305-480305^199`SRR3133329.43579215_43579215/1_overlapping`83~163#2	-6	119	MMMMMMMMMMMMMMMMMMMMMMMMMMMMMMMMMMMMMMMMMMMMMMMMMMMMMMMMMMMMMMMMMMMMMMMMMMMMMMMMMFFFF...........................................................FFFFFFFFFFFFFFFFFFFFFFFFFFFFFFFFFFFFFFFFFFFFFFFFFFFFFFFFFFFFFFFFFFFFFFFFFFFFFFFFFFFFFFFFFFFFFFFFFFFFFFFFFFFFFFFFFFFFFFF......................................
chr2L:480305-480305^199`SRR3133328.5777615_5777615/1_overlapping`83~163#2	-6	157	MMMMMMMMMMMMMMMMMMMMMMMMMMMMMMMMMMMMMMMMMMMMMMMMMMMMMMMMMMMMMMMMMMMMMMMMMMMMMMMMMMMMFFFFFFFFFFFFFFFFFFFFFFFFFFFFFFFFFFFFFFFFFF..................FFFFFFFFFFFFFFFFFFFFFFFFFFFFFFFFFFFFFFFFFFFFFFFFFFFFFFFFFFFFFFFFFFFFFFFFFFFFFFFFFFFFFFFFFFFFFFFFFFFFFFFFFFFFFFFFFFFFFFFFFFFFFFFFFFFFFFFFFFFFFFFFFFFFFFFFFFFFF
chr2L:480305-480305^199`SRR3133326.44520295_44520295/1_overlapping`83~163#2	-62	72	MMMMMMMMMMMMMMMMMMMMMMMMMMMMMMMMMMMMMMMMMMMMMMMMMMMMMMMMMMMMMMMMMMMMMMMMMMMMMMMMMMMMMMMMFFFFFFFFFFFFFFFFFFFFFFFFFFFFFFFFFFFFFFFFFFFFFFFFFFFFFFFFFFFFFFFFFFFFFFFF.......................................................................................................................FFFFFFFFFFFFFFFFFFFFFF
chr2L:480305-480305^199`SRR3133327.17260457_17260457/1_overlapping`83~163#2	-6	157	MMMMMMMMMMMMMMMMMMMMMMMMMMMMMMMMMMMMMMMMMMMMMMMMMMMMMMMMMMMMMMMMMMMMMMMMMMMMMMMMMMMMMMMMFFFFFFFFFFFFFFFFFFFFFFFFFF..............................FFFFFFFFFFFFFFFFFFFFFFFFFFFFFFFFFFFFFFFFFFFFFFFFFFFFFFFFFFFFFFFFFFFFFFFFFFFFFFFFFFFFFFFFFFFFFFFFFFFFFFFFFFFFFFFFFFFFFFFFFFFFFFFFFFFFFFFFFFFFFFFFFFFFFFFFFFFFF
chr2L:480305-480305^199`SRR3133328.7160521_7160521/1_overlapping`83~163#2	-23	142	MMMMMMMMMMMMMMMMMMMMMMMMMMMMMMMMMMMMMMMMMMMMMMMMMMMMMMMMMMMMMMMMMMMMMMMMMMMMMMMMMMMMMMMMFFFFFFF................................FFFFFFFFFFFFFFFFFFFFFFFFFFFFFFFFFFFFFFFFFFFFFFFFFFFFFFFFFFFFFFFFFFFFFFFFFFFFFFFFFFFFFFFFFFFFFFFFFFFFFFFFFFFFFFFFFFFFFFFFFFFFFFFFFFFFFFFFFFFFFF.FFFFFFFFFFFFFFFFFFFFFFFFFFFFFFF
chr2L:480305-480305^199`SRR3133328.44043292_44043292/1_overlapping`83~163#2	-35	134	MMMMMMMMMMMMMMMMMMMMMMMMMMMMMMMMMMMMMMMMMMMMMMMMMMMMMMMMMMMMMMMMMMMMMMMMMMMMMMMMMMMMMMMMMMMMMFFFF..................FFFFFFFFFFFFFFFFFFFFFFFFFFFFFFFFFFFFFFFFFFFFFFFFFFFFFFFFFFFFFFFFFFFFFFFFFFFFFFFFFFFFFFFFFFFFFFFFFFFFFFFFFFFFFFFFFFFFFFFFFFFFFFFFFFFFFF.....................FFFFFFFFFFFFFFFFFFFFFFFFFFFFFFF
chr2L:480305-480305^199`SRR3133329.6600065_6600065/1_overlapping`83~163#2	-6	134	MMMMMMMMMMMMMMMMMMMMMMMMMMMMMMMMMMMMMMMMMMMMMMMMMMMMMMMMMMMMMMMMMMMMMMMMMMMMMMMMMMMMMMMMMMMMMMMMMFFFFFFFFFFFFFFFFF..............................FFFFFFFFFFFFFFFFFFFFFFFFFFFFFFFFFFFFFFFFFFFFFFFFFFFFFFFFFFFFFFFFFFFFFFFFFFFFFFFFFFFFFFFFFFFFFFFFFFFFFFFFFFFFFFFFFFFFFFFFFFFFFFFFFFFFFF.FFFFFFFFFFFFFFFFFFFFFF
chr2L:480305-480305^199`SRR3133329.47055027_47055027/1_overlapping`83~163#2	-6	134	MMMMMMMMMMMMMMMMMMMMMMMMMMMMMMMMMMMMMMMMMMMMMMMMMMMMMMMMMMMMMMMMMMMMMMMMMMMMMMMMMMMMMMMMMMMMMMMMMFFFFFFFFFFFFFFFFF..............................FFFFFFFFFFFFFFFFFFFFFFFFFFFFFFFFFFFFFFFFFFFFFFFFFFFFFFFFFFFFFFFFFFFFFFFFFFFFFFFFFFFFFFFFFFFFFFFFFFFFFFFFFFFFFFFFFFFFFFFFFFFFFFFFFFFFFF.FFFFFFFFFFFFFFFFFFFFFF
chr2L:480305-480305^199`SRR3133329.29337039_29337039/1_overlapping`83~163#2	-6	119	MMMMMMMMMMMMMMMMMMMMMMMMMMMMMMMMMMMMMMMMMMMMMMMMMMMMMMMMMMMMMMMMMMMMMMMMMMMMMMMMMMMMMMMMMMMMMMMMMMMFFFFFFFFFFFFFFF..............................FFFFFFFFFFFFFFFFFFFFFFFFFFFFFFFFFFFFFFFFFFFFFFFFFFFFFFFFFFFFFFFFFFFFFFFFFFFFFFFFFFFFFFFFFFFFFFFFFFFFFFFFFFFFFFFFFFFFFFF......................................
chr2L:480305-480305^199`SRR3133327.15091316_15091316/1_overlapping`83~163#2	-48	58	MMMMMMMMMMMMMMMMMMMMMMMMMMMMMMMMMMMMMMMMMMMMMMMMMMMMMMMMMMMMMMMMMMMMMMMMMMMMMMMMMMMMMMMMMMMMMMMMMMMMMMFFFFFFFFFFFFFFFFFFFFFFFFFFFFFFFFFFFFFFFFFFFFFFFFFFFFFFFFFF......................................................FFFFFFFFFFFFFFFFFFFFFFFFFFFFFFFFFFF..............................FFFFFFFFFFFFFFFFFFFFFF
chr2L:480305-480305^199`SRR3133327.5414332_5414332/1_overlapping`83~163#2	-47	86	MMMMMMMMMMMMMMMMMMMMMMMMMMMMMMMMMMMMMMMMMMMMMMMMMMMMMMMMMMMMMMMMMMMMMMMMMMMMMMMMMMMMMMMMMMMMMMMMMMMMMMMFFFFFFFFFFFFFFFFFFFFFFFFFFFFFFFFFFFFFFFFFFFFFFFFFFFFFFFFFFFFFFFFFFFFFFFFFFFFFFFFFFFFFF.FFFFFFFFFFFFFFFFFFFFFFFFFFFFFFFFFFFFFFFFFFFFFFFFFFFFFFFFFFF...............FFFFFMMMMMMMMMMMMMMMMMMMMMMMMMMMMMMMM
chr2L:480305-480305^199`SRR3133329.18002219_18002219/1_overlapping`83~163#2	-6	157	MMMMMMMMMMMMMMMMMMMMMMMMMMMMMMMMMMMMMMMMMMMMMMMMMMMMMMMMMMMMMMMMMMMMMMMMMMMMMMMMMMMMMMMMMMMMMMMMMMMMMMMMFFFFFFFFFF..............................FFFFFFFFFFFFFFFFFFFFFFFFFFFFFFFFFFFFFFFFFFFFFFFFFFFFFFFFFFFFFFFFFFFFFFFFFFFFFFFFFFFFFFFFFFFFFFFFFFFFFFFFFFFFFFFFFFFFFFFFFFFFFFFFFFFFFFFFFFFFFFFFFFFFFFFFFFFFF
chr2L:480305-480305^199`SRR3133329.17494030_17494030/1_overlapping`83~163#2	-43	53	MMMMMMMMMMMMMMMMMMMMMMMMMMMMMMMMMMMMMMMMMMMMMMMMMMMMMMMMMMMMMMMMMMMMMMMMMMMMMMMMMMMMMMMMMMMMMMMMMMMMMMMMMMMFFFFFFFFFFFFFFFFFFFFFFFFFFFFFFFFFFFFFFFFFFFFFFFFFFFFF.......................................................................................................................FFFFFFFFFFFFFFFFFFFFFF
chr2L:480305-480305^199`SRR3133327.47515748_47515748/1_overlapping`83~163#2	-23	174	MMMMMMMMMMMMMMMMMMMMMMMMMMMMMMMMMMMMMMMMMMMMMMMMMMMMMMMMMMMMMMMMMMMMMMMMMMMMMMMMMMMMMMMMMMMMMMMMMMMMMMMMMMMMMMMMMMMMMFFFFFFFFF.FFFFFFFFFFFFFFFFFFFFFFFFFFFFFFFFFFFFFFFFFFFFFFFFFFFFFFFFFFFFFFFFFFFFFFFFFFFFFFFFFFFFFFFFFFFFFFFFFFFFFFFFFFFFFFFFFFFFFFFFFFFFFFFFFFFFFFFFFFFFFFFFFFFFFFFFFFFFFFFFFFFFFFFFFFFFFF
chr2L:480305-480305^199`SRR3133326.1914177_1914177/1_overlapping`83~163#2	-23	174	MMMMMMMMMMMMMMMMMMMMMMMMMMMMMMMMMMMMMMMMMMMMMMMMMMMMMMMMMMMMMMMMMMMMMMMMMMMMMMMMMMMMMMMMMMMMMMMMMMMMMMMMMMMMMMMMMMMMMMMMMFFFFF.FFFFFFFFFFFFFFFFFFFFFFFFFFFFFFFFFFFFFFFFFFFFFFFFFFFFFFFFFFFFFFFFFFFFFFFFFFFFFFFFFFFFFFFFFFFFFFFFFFFFFFFFFFFFFFFFFFFFFFFFFFFFFFFFFFFFFFFFFFFFFFFFFFFFFFFFFFFFFFFFFFFFFFFFFFFFFF
chr2L:480305-480305^199`SRR3133327.2916001_2916001/1_overlapping`83~163#2	-28	77	MMMMMMMMMMMMMMMMMMMMMMMMMMMMMMMMMMMMMMMMMMMMMMMMMMMMMMMMMMMMMMMMMMMMMMMMMMMMMMMMMMMMMMMMMMMMMMMMMMMMMMMMMMMMMMMMMMMMMMMMMMFFFFFFFFFFFFFFFFFFFFFFFFFFFFFFFFFFFFFFFFFFFFFFFFFFFFFFFFFFFFFFFFFFFFFFFFFFFFF..........................FFFFFFFFFFFFFFFFFFFFFFFFFFFFFFFFFFFFFF.FFFFFFFFFFFFFFFFFFFFFFFFFFFFFFFFFFFFF
chr2L:480305-480305^199`SRR3133328.14462684_14462684/1_overlapping`83~163#2	-27	140	MMMMMMMMMMMMMMMMMMMMMMMMMMMMMMMMMMMMMMMMMMMMMMMMMMMMMMMMMMMMMMMMMMMMMMMMMMMMMMMMMMMMMMMMMMMMMMMMMMMMMMMMMMMMMMMMMMMMMMMMMMMFFFFFFFFFFFFFFFFFFFFFFFFFFFFFFFFFFFFFFFFFFFFFFFFFFFFFFFFFFFFFFFFFFFFFFFFFFFFFFFFFFFFFFFFFFFFFFFFFFFFFFFFFFFFFFFFFFFFFFFFFFFFFFFFFFFFFFFFFFFF.FFFFFFFFFFFFFF......FFFFFFFFFFFFFFFFF
chr2L:480305-480305^199`SRR3133326.36289306_36289306/1_overlapping`83~163#2	-24	175	MMMMMMMMMMMMMMMMMMMMMMMMMMMMMMMMMMMMMMMMMMMMMMMMMMMMMMMMMMMMMMMMMMMMMMMMMMMMMMMMMMMMMMMMMMMMMMMMMMMMMMMMMMMMMMMMMMMMMMMMMMMMMMFFFFFFFFFFFFFFFFFFFFFFFFFFFFFFFFFFFFFFFFFFFFFFFFFFFFFFFFFFFFFFFFFFFFFFFFFFFFFFFFFFFFFFFFFFFFFFFFFFFFFFFFFFFFFFFFFFFFFFFFFFFFFFFFFFFFFFFFFFFFFFFFFFFFFFFFFFFFFFFFFFFFFFFFFFFFFFF
chr2L:480305-480305^199`SRR3133329.30591823_30591823/1_overlapping`83~163#3	64	87	MMMMMMMMMMMMMMMMMMMMMMMMMMMMMMMMMMMMMMMMMMMMMMMMMMMMMMMMMMMMMMMMMMMMMMMMMMMMMMMMMMMMMMMMMMMMMMMMMMMMMMMMMMMMMMMFFFFFFFFFFFFFFFFFFFFFFFFFFFFFFFFFFFFFFFFFFFFFFFFF......................................................FFFFFFFFFFFFFFFFFFFFFFFFFFFFFFFFFFFFFFFFFFFFFFFFFFFFFFFFFFFFFFFFFFFFFFFFFFFFFFFFFFFFFFF
chr2L:480305-480305^199`SRR3133328.24781228_24781228/1_overlapping`83~163#3	20	43	MMMMMMMMMMMMMMMMMMMMMMMMMMMMMMMMMMMMMMMMMMMMMMMMMMMMMMMMMMMMMMMMMMMMMMMMMMMMMMMMMMMMMMMMMMMMMMMMMMMMMMMMMMMMMMMMMMMMMMMMMMMMMMMMMMMFFFFFFFFFFFFFFFFFFFFFFFFFFFFFFFFFFFFF..FFFFFFFFFFFFFFFFFFFFFFFFFFFFFFFFFFFFFFFFFFF........................................................................................
chr2L:480305-480305^199`SRR3133327.37985692_37985692/1_overlapping`83~163#3	-17	27	MMMMMMMMMMMMMMMMMMMMMMMMMMMMMMMMMMMMMMMMMMMMMMMMMMMMMMMMMMMMMMMMMMMMMMMMMMMMMMMMMMMMMMMMMMMMMMMMMMMMMMMMMMMMMMMMMMMMMMMMMMMMMMMMMMMMMFFFFFFFFFFFFFFFFFFFFFFFFFFF............................................................................................................................FFFFFFFFFFFFFFFFF
