chr2L:480305-480305^199`SRR3133328.21543131_21543131/1_overlapping`83~163#0	11	6	H.Z............H.................X..............H...Z....H...Z........Z.......Z......X.........X.Z................H...........Z................H................H......MMMMMMMMMMMMMMMMMMMMMMMMMMMMMMMMMMMMMMMMMMMMMMMMMMMMMMMMMMMMMMMMMMMMMMMMMMMMMMMMMMMMMMMMMMMMMMMMMMMMMMMMMMMMMMMMMMMMMMMMMMMMMMMMMMMMMM
chr2L:480305-480305^199`SRR3133329.16394977_16394977/1_overlapping`83~163#0	11	8	H.Z..............................X..............H...Z....H...Z........Z.......Z......X.........X.Z................H...........Z................H................H.......zMMMMMMMMMMMMMMMMMMMMMMMMMMMMMMMMMMMMMMMMMMMMMMMMMMMMMMMMMMMMMMMMMMMMMMMMMMMMMMMMMMMMMMMMMMMMMMMMMMMMMMMMMMMMMMMMMMMMMMMMMMMMMMMMMMMM
chr2L:480305-480305^199`SRR3133329.39601526_39601526/1_overlapping`83~163#0	-150	33	h.z..............................X..............H...Z....H...Z........Z.......Z......X.........X.Z................H...........Z................H................H.......ZX.............MMMMMMMMMMMMMMMMMMMMMMMMMMMMMMMMMMMMMMMMMMMMMMMMMMMMMMMMMMMMMMMMMMMMMMMMMMMMMMMMMMMMMMMMMMMMMMMMMMMMMMMMMMMMMMMMMMMMMM
chr2L:480305-480305^199`SRR3133326.39492779_39492779/1_overlapping`83~163#0	-134	32	H.Z............H.................x..............H...Z....H...Z........Z.......Z......X.........X.Z................H...........Z................H................H.......ZX..............H..MMMMMMMMMMMMMMMMMMMMMMMMMMMMMMMMMMMMMMMMMMMMMMMMMMMMMMMMMMMMMMMMMMMMMMMMMMMMMMMMMMMMMMMMMMMMMMMMMMMMMMMMMMMMMMMMMM
chr2L:480305-480305^199`SRR3133327.45376417_45376417/1_overlapping`83~163#0	-116	109	H.Z............H.................X..............h...z....h...z........z.......z......x.........x.z................h...........z................H................H.......zX..............H..MMMMMMMMMMMMMMMMMMMMMMMMMMMMMMMMMMMMMMMMMMMMMMMMMMMMMMMMMMMMMMMMMMMMMMMMMMMMMMMMMMMMMMMMMMMMMMMMMMMMMMMMMMMMMMMMMM
chr2L:480305-480305^199`SRR3133328.42169959_42169959/1_overlapping`83~163#0	19	15	H.Z............H.................X..............H...Z....H...Z........Z.......Z......X.........X.Z................H...........Z................H................H.......Zx..............H..MMMMMMMMMMMMMMMMMMMMMMMMMMMMMMMMMMMMMMMMMMMMMMMMMMMMMMMMMMMMMMMMMMMMMMMMMMMMMMMMMMMMMMMMMMMMMMMMMMMMMMMMMMMMMMMMMM
chr2L:480305-480305^199`SRR3133329.37941668_37941668/1_overlapping`83~163#0	-150	143	h.z............H.................x..............h...z....h...z........z.......z......x.........x.z................h...........z................H................H.......ZX..............H....H...H..MMMMMMMMMMMMMMMMMMMMMMMMMMMMMMMMMMMMMMMMMMMMMMMMMMMMMMMMMMMMMMMMMMMMMMMMMMMMMMMMMMMMMMMMMMMMMMMMMMMMMMMMM
chr2L:480305-480305^199`SRR3133328.24168881_24168881/1_overlapping`83~163#0	-150	114	h.z............h.................x..............h...z....h...z........z.......z......x.........x.z................H...........z................H................H.......ZX..............H....H...H.....X..Z.Z.H....X.Z..........MMMMMMMMMMMMMMMMMMMMMMMMMMMMMMMMMMMMMMMMMMMMMMMMMMMMMMMMMMMMMMMMMMMMMMMMMMMMM
chr2L:480305-480305^199`SRR3133329.24651186_24651186/1_overlapping`83~163#0	75	12	H.Z............H.................X..............H...Z....H...Z........Z.......Z......X.........X.Z................H...........Z................H................H.......ZX..............H....H...H.....X..Z.Z.H....X.Z..........Z............MMMMMMMMMMMMMMMMMMMMMMMMMMMMMMMMMMMMMMMMMMMMMMMMMMMMMMMMMMMMMMMM
chr2L:480305-480305^199`SRR3133327.21323759_21323759/1_overlapping`83~163#0	64	30	H.Z............H.................X..............H...Z....H...Z........Z.......Z......X.........X.Z................H...........Z................H................H.......ZX..............H....H...H.....X..Z.Z.H....X.Z..........z...................MMMMMMMMMMMMMMMMMMMMMMMMMMMMMMMMMMMMMMMMMMMMMMMMMMMMMMMMM
chr2L:480305-480305^199`SRR3133326.41815487_41815487/1_overlapping`83~163#0	-149	142	H.z............h.................x..............H........h...z........z.......z................x.z................h...........z................H................H.......zX..............H....H...H.....X..Z.z.H....X.Z..........Z.....................MMMMMMMMMMMMMMMMMMMMMMMMMMMMMMMMMMMMMMMMMMMMMMMMMMMMMMM
chr2L:480305-480305^199`SRR3133326.37751163_37751163/1_overlapping`83~163#0	-149	14	H.z............H.................X..............H...Z....H...Z........Z.......Z......X.........X.Z................H...........Z................H................H.......ZX..............H....H...H.....X..Z.Z.H....X.Z..........Z........................H..Z..........H.....Z...MMMMMMMMMMMMMMMMMMMMMMMMMMMM
chr2L:480305-480305^199`SRR3133328.36264456_36264456/1_overlapping`83~163#0	-116	14	H.Z............H.................X.........h....H...Z....H...Z........Z.......Z......X.........X.Z................H...........Z................H................H.......ZX..............H....H...H.....X..Z.Z.H....X.Z..........Z........................H..Z..........H.....Z.....MMMMMMMMMMMMMMMMMMMMMMMMMM
chr2L:480305-480305^199`SRR3133326.39710233_39710233/1_overlapping`83~163#0	114	2	MMZ............H.................X..............H...Z....H...Z........Z.......Z......X.........X.Z................H...........Z................H................H.......ZX..............H....H...H.....X..Z.Z.H....X.Z..........Z........................H..Z..........H..MMMMMMMMMMMMMMMMMMMMMMMMMMMMMMMMMMM
chr2L:480305-480305^199`SRR3133326.21591928_21591928/1_overlapping`83~163#0	11	46	MMMMMMMMMMMM...H.................X..............H........H...Z........Z.......Z......x.........X.Z................H...........Z.................................H.......zx..............h....h...h.....x..z.z..MMMMMMMMMMMMMMMMMMMMMMMMMMMMMMMMMMMMMMMMMMMMMMMMMMMMMMMMMMMMMMMMMMMMMMMMMMMMMMMMMMMMMMMMMMMMMM
chr2L:480305-480305^199`SRR3133328.37781987_37781987/1_overlapping`83~163#0	40	79	MMMMMMMMMMMMMMMMMMMMMM...........X..............H...Z....H...Z........Z.......Z......X.........X.Z................H...........Z................H................H.......ZX..............H....H...h.....x..z.z.h....x.z..........z........................h..z..........h.....Z........h....z.................
chr2L:480305-480305^199`SRR3133327.22916443_22916443/1_overlapping`83~163#0	20	79	MMMMMMMMMMMMMMMMMMMMMMM..........x..............H...Z....H...Z........Z.......Z......X.........X.Z................H...........Z................H................H.......ZX..............h....h...h.....X..z.Z.h....x.Z..........z........................H..Z..........H.....z........MMMMMMMMMMMMMMMMMMMMMMM
chr2L:480305-480305^199`SRR3133329.27233575_27233575/1_overlapping`83~163#0	-114	59	MMMMMMMMMMMMMMMMMMMMMMMMMMMMMMMMMMMM............h...z....h...z........z.......z......x.........X.z................h...........Z................H................H.......ZX....MMMMMMMMMMMMMMMMMMMMMMMMMMMMMMMMMMMMMMMMMMMMMMMMMMMMMMMMMMMMMMMMMMMMMMMMMMMMMMMMMMMMMMMMMMMMMMMMMMMMMMMMMMMMMMMMMMMMMMMMMMMMMMM
chr2L:480305-480305^199`SRR3133329.15849478_15849478/1_overlapping`83~163#0	114	19	MMMMMMMMMMMMMMMMMMMMMMMMMMMMMMMMMMMMMMM.........H...Z....H...Z........Z.......Z......X.........X.Z................H...........Z................H................H.......ZX..............H....H...H.....X..Z.Z.H....X.Z..........Z........................H..Z..........H.....z........h....Z.................
chr2L:480305-480305^199`SRR3133328.16846860_16846860/1_overlapping`83~163#0	-108	15	MMMMMMMMMMMMMMMMMMMMMMMMMMMMMMMMMMMMMMMMMM......h...z....H...Z........Z.......Z......X.........X.Z................H...........Z................H................H.......ZX..............H....H...H.....X..Z.Z.H....X.Z..........Z........................H..Z..........H.....Z........H....Z......MMMMMMMMMMM
chr2L:480305-480305^199`SRR3133328.33773280_33773280/1_overlapping`83~163#0	-106	34	MMMMMMMMMMMMMMMMMMMMMMMMMMMMMMMMMMMMMMMMMMMM....h...z....h...z........z.......Z......X.........X.Z................H...........Z................H................H.......ZX..............H....H...H.....X..Z.Z.H....X.Z..........Z........................H..Z.......MMMMMMMMMMMMMMMMMMMMMMMMMMMMMMMMMMMMMMMMM
chr2L:480305-480305^199`SRR3133328.38520251_38520251/1_overlapping`83~163#0	-104	97	MMMMMMMMMMMMMMMMMMMMMMMMMMMMMMMMMMMMMMMMMMMMMM..h...z....h...z........z.......z......x.........x.z................h...........z................H................H.......ZX..............H....H...H.....X..Z.Z.H....X.Z.........MMMMMMMMMMMMMMMMMMMMMMMMMMMMMMMMMMMMMMMMMMMMMMMMMMMMMMMMMMMMMMMMMMMMMMMMMMMMMM
chr2L:480305-480305^199`SRR3133326.34897129_34897129/1_overlapping`83~163#0	64	6	MMMMMMMMMMMMMMMMMMMMMMMMMMMMMMMMMMMMMMMMMMMMMMM.H...Z....H...Z........Z.......Z......X.........X.Z................H...........Z................H................H.......ZX..............H....H...H.....X..Z.Z.H....X.Z......MMMMMMMMMMMMMMMMMMMMMMMMMMMMMMMMMMMMMMMMMMMMMMMMMMMMMMMMMMMMMMMMMMMMMMMMMMMMMMMMM
chr2L:480305-480305^199`SRR3133326.9137235_9137235/1_overlapping`83~163#0	100	51	MMMMMMMMMMMMMMMMMMMMMMMMMMMMMMMMMMMMMMMMMMMMMMMMMMMMMMMMMMMMMMM.......Z.......Z......X.........X.Z................H...........Z................H................H.......ZX..............H....H...H.....X..Z.Z.H....X.Z..........Z........................H..z..........h.....z........h....z.................
chr2L:480305-480305^199`SRR3133326.33533109_33533109/1_overlapping`83~163#0	103	16	MMMMMMMMMMMMMMMMMMMMMMMMMMMMMMMMMMMMMMMMMMMMMMMMMMMMMMMMMMMMMMM.......Z.......Z......X.........X.Z................H...........Z................H................H.......ZX..............H....H...H.....X..Z.Z.H....X.Z..........Z........................H..Z..........h.....Z........H....Z.................
chr2L:480305-480305^199`SRR3133329.25113949_25113949/1_overlapping`83~163#0	100	51	MMMMMMMMMMMMMMMMMMMMMMMMMMMMMMMMMMMMMMMMMMMMMMMMMMMMMMMMMMMMMMM.......Z.......Z......X.........X.Z................H...........Z................H................H.......ZX..............H....H...H.....X..Z.Z.H....X.Z..........Z........................H..z..........h.....z........h....z.................
chr2L:480305-480305^199`SRR3133328.23876939_23876939/1_overlapping`83~163#0	-86	79	MMMMMMMMMMMMMMMMMMMMMMMMMMMMMMMMMMMMMMMMMMMMMMMMMMMMMMMMMMMMMMMM......z.......z......x.........x.z................h...........z................H................H.......ZX..............H....H...H.....X..Z.Z.H....X.Z..........Z........................h..z..........h.....z........h....z.................
chr2L:480305-480305^199`SRR3133326.10522191_10522191/1_overlapping`83~163#0	44	107	MMMMMMMMMMMMMMMMMMMMMMMMMMMMMMMMMMMMMMMMMMMMMMMMMMMMMMMMMMMMMMMMMMMMMMMMMM....z......X.........X.Z................H...........Z................H................H.......ZX..............H....H...H.....x..z.z.h....x.z..........z........................h..z..........h.....z........h....z.................
chr2L:480305-480305^199`SRR3133326.8047363_8047363/1_overlapping`83~163#0	64	87	MMMMMMMMMMMMMMMMMMMMMMMMMMMMMMMMMMMMMMMMMMMMMMMMMMMMMMMMMMMMMMMMMMMMMMMMMMM...Z......X.........X.Z................H...........Z................H................H.......ZX..............H....H...H.....X..Z.z.H....X.Z..........z........................h..z..........h.....z........h....z.................
chr2L:480305-480305^199`SRR3133326.37903296_37903296/1_overlapping`83~163#0	64	87	MMMMMMMMMMMMMMMMMMMMMMMMMMMMMMMMMMMMMMMMMMMMMMMMMMMMMMMMMMMMMMMMMMMMMMMMMMMMMMMM.....x.........x.z................h...........z................H................H.......ZX..............H....H.........X..Z.Z.H....X.Z..........z........................h..z..........h.....z........h....z.................
chr2L:480305-480305^199`SRR3133326.47450130_47450130/1_overlapping`83~163#0	64	87	MMMMMMMMMMMMMMMMMMMMMMMMMMMMMMMMMMMMMMMMMMMMMMMMMMMMMMMMMMMMMMMMMMMMMMMMMMMMMMMM.....x.........x.z................h...........z................H................H.......ZX..............H....H...H.....X..Z.Z.H....X.Z..........z........................h..z..........h.....z........h....z.................
chr2L:480305-480305^199`SRR3133329.19325954_19325954/1_overlapping`83~163#0	44	107	MMMMMMMMMMMMMMMMMMMMMMMMMMMMMMMMMMMMMMMMMMMMMMMMMMMMMMMMMMMMMMMMMMMMMMMMMMMMMMMMMMM..x.........x.z................H...........Z................H................H.......zX..............H....H...H.....x..z.z.h....x.z..........z........................h..z..........h.....z........h....z.................
chr2L:480305-480305^199`SRR3133326.44258685_44258685/1_overlapping`83~163#0	100	28	MMMMMMMMMMMMMMMMMMMMMMMMMMMMMMMMMMMMMMMMMMMMMMMMMMMMMMMMMMMMMMMMMMMMMMMMMMMMMMMMMMMMMMM........X.Z................H...........Z................H................H.......ZX..............H....H...H.....X..Z.Z.H....X.Z..........Z........................H..z..........h.....z........H....z.................
chr2L:480305-480305^199`SRR3133326.45858601_45858601/1_overlapping`83~163#0	11	140	MMMMMMMMMMMMMMMMMMMMMMMMMMMMMMMMMMMMMMMMMMMMMMMMMMMMMMMMMMMMMMMMMMMMMMMMMMMMMMMMMMMMMMMM.......X.Z................H...........Z................H................H.......zx..............h....h...h.....x..z.z.h....x.z..........z........................h..z..........h.....z........h....z.................
chr2L:480305-480305^199`SRR3133329.2695627_2695627/1_overlapping`83~163#0	35	116	MMMMMMMMMMMMMMMMMMMMMMMMMMMMMMMMMMMMMMMMMMMMMMMMMMMMMMMMMMMMMMMMMMMMMMMMMMMMMMMMMMMMMMMMMMMM...X.Z................H...........Z................H................H.......zX..............H....h...h.....x..z.z.h....x.z..........z........................h..z..........h.....z........H....z.................
chr2L:480305-480305^199`SRR3133328.13177975_13177975/1_overlapping`83~163#0	-150	0	MMMMMMMMMMMMMMMMMMMMMMMMMMMMMMMMMMMMMMMMMMMMMMMMMMMMMMMMMMMMMMMMMMMMMMMMMMMMMMMMMMMMMMMMMMMMMMMX.Z................H...........Z................H................H.......ZX..............H....H...H.....X..Z.Z.H....X.Z..........Z........................H..Z..........H.....Z........H....Z.................
chr2L:480305-480305^199`SRR3133326.34250315_34250315/1_overlapping`83~163#0	44	107	MMMMMMMMMMMMMMMMMMMMMMMMMMMMMMMMMMMMMMMMMMMMMMMMMMMMMMMMMMMMMMMMMMMMMMMMMMMMMMMMMMMMMMMMMMMMMMMMMZ................H...........Z................H................H.......ZX..............H....H...H.....x..Z.z.h....x.z..........z........................h..z..........h.....z........h....z.................
chr2L:480305-480305^199`SRR3133326.42093144_42093144/1_overlapping`83~163#0	-53	17	MMMMMMMMMMMMMMMMMMMMMMMMMMMMMMMMMMMMMMMMMMMMMMMMMMMMMMMMMMMMMMMMMMMMMMMMMMMMMMMMMMMMMMMMMMMMMMMMMz................H...........Z................H................H.......ZX..............H....H...H.....X..Z.Z.H....X.Z..........Z........................H..Z..........H.....Z........H....Z.................
chr2L:480305-480305^199`SRR3133327.23368909_23368909/1_overlapping`83~163#0	11	117	MMMMMMMMMMMMMMMMMMMMMMMMMMMMMMMMMMMMMMMMMMMMMMMMMMMMMMMMMMMMMMMMMMMMMMMMMMMMMMMMMMMMMMMMMMMMMMMMMMMMM.............H...........Z................H................H.......zX..............h....h...h.....x..z.z.h....x.z..........z........................h..z..........h.....z........H....z.................
chr2L:480305-480305^199`SRR3133327.36499698_36499698/1_overlapping`83~163#0	11	122	MMMMMMMMMMMMMMMMMMMMMMMMMMMMMMMMMMMMMMMMMMMMMMMMMMMMMMMMMMMMMMMMMMMMMMMMMMMMMMMMMMMMMMMMMMMMMMMMMMMMMMMMMMM.......H...........Z................H................H.......zX..............h....h...h.....x..z.z.h....x.z..........z........................h..z..........h.....z........h....Z.................
chr2L:480305-480305^199`SRR3133328.11233309_11233309/1_overlapping`83~163#0	-35	28	MMMMMMMMMMMMMMMMMMMMMMMMMMMMMMMMMMMMMMMMMMMMMMMMMMMMMMMMMMMMMMMMMMMMMMMMMMMMMMMMMMMMMMMMMMMMMMMMMMMMMMMMMMM.......H...........z................H................H.......ZX..............H....H...H.....X..Z.Z.H....X.Z..........Z........................H..Z..........H.....Z........H....z.......X.........
chr2L:480305-480305^199`SRR3133326.8872033_8872033/1_adjacent`83~163#0	35	116	MMMMMMMMMMMMMMMMMMMMMMMMMMMMMMMMMMMMMMMMMMMMMMMMMMMMMMMMMMMMMMMMMMMMMMMMMMMMMMMMMMMMMMMMMMMMMMMMMMMMMMMMMMMMMMMMM.H...........z................H................H.......zX..............H....h...h.....x..z.z.h....x.z..........z........................h..z..........h.....z........h....z.................
chr2L:480305-480305^199`SRR3133326.2818_2818/1_overlapping`83~163#0	120	31	MMMMMMMMMMMMMMMMMMMMMMMMMMMMMMMMMMMMMMMMMMMMMMMMMMMMMMMMMMMMMMMMMMMMMMMMMMMMMMMMMMMMMMMMMMMMMMMMMMMMMMMMMMMMMMMMMMMMMMMMMMMMMMMMMMMMMM.........H................H.......ZX..............H....H...H.....X..Z.Z.H....X.Z..........Z........................H..Z..........H.....Z........h....z.................
chr2L:480305-480305^199`SRR3133327.14054439_14054439/1_overlapping`83~163#1	-23	33	H.z............H.................X..............H...Z....H...Z........Z.......Z......X.........X.Z................H...........Z................h................H.......MMMMMMMMMMMMMMMMMMMMMMMMMMMMMMMMMMMMMMMMMMMMMMMMMMMMMMMMMMMMMMMMMMMMMMMMMMMMMMMMMMMMMMMMMMMMMMMMMMMMMMMMMMMMMMMMMMMMMMMMMMMMMMMMMMMMM
chr2L:480305-480305^199`SRR3133326.40841237_40841237/1_overlapping`83~163#1	-150	85	h.z............h.................x..............h...z....h...z........Z.......z......X.........X.z................H...........Z................h................H.......zX..............MMMMMMMMMMMMMMMMMMMMMMMMMMMMMMMMMMMMMMMMMMMMMMMMMMMMMMMMMMMMMMMMMMMMMMMMMMMMMMMMMMMMMMMMMMMMMMMMMMMMMMMMMMMMMMMMMMMMM
chr2L:480305-480305^199`SRR3133327.47900836_47900836/1_overlapping`83~163#1	-150	114	h.z............h.................x..............h...z....h...z........z.......z......x.........x.z................H...........Z................h................H.......zX..............h.MMMMMMMMMMMMMMMMMMMMMMMMMMMMMMMMMMMMMMMMMMMMMMMMMMMMMMMMMMMMMMMMMMMMMMMMMMMMMMMMMMMMMMMMMMMMMMMMMMMMMMMMMMMMMMMMMMM
chr2L:480305-480305^199`SRR3133326.24224456_24224456/1_overlapping`83~163#1	-23	33	h.Z............H.................X..............H...Z....H...Z........Z.......Z......X.........X.Z................H...........Z................h................H.......Zx..............H....H...H.MMMMMMMMMMMMMMMMMMMMMMMMMMMMMMMMMMMMMMMMMMMMMMMMMMMMMMMMMMMMMMMMMMMMMMMMMMMMMMMMMMMMMMMMMMMMMMMMMMMMMMMMMM
chr2L:480305-480305^199`SRR3133328.37085541_37085541/1_overlapping`83~163#1	-150	85	h.z............h.................x..............h...z....h...z........z..............X.........X.Z................H...........Z................h................h.......ZX..............H....H...H....MMMMMMMMMMMMMMMMMMMMMMMMMMMMMMMMMMMMMMMMMMMMMMMMMMMMMMMMMMMMMMMMMMMMMMMMMMMMMMMMMMMMMMMMMMMMMMMMMMMMMMM
chr2L:480305-480305^199`SRR3133326.33978932_33978932/1_overlapping`83~163#1	-150	48	h.z............h.................x..............H...Z....H...Z........Z.......Z......x.........X.Z................H...........Z................H................h.......ZX..............H....H...H.....X..Z.Z.H....X.Z..........Z.....................MMMMMMMMMMMMMMMMMMMMMMMMMMMMMMMMMMMMMMMMMMMMMMMMMMMMMMM
chr2L:480305-480305^199`SRR3133329.14046684_14046684/1_overlapping`83~163#1	-23	42	H.Z............H.................X..............H...Z....H...Z........Z.......Z......X.........X.Z................H...........Z................h................H.......zX..............H....H...H.....X..Z.Z.H....X.Z..........z........................H..z.........MMMMMMMMMMMMMMMMMMMMMMMMMMMMMMMMMMMMMMM
chr2L:480305-480305^199`SRR3133327.28590579_28590579/1_overlapping`83~163#1	50	91	H.z............H.................X..............H...Z....H...Z........Z.......Z......X.........X.Z................H...........Z................h................H.......ZX..............H....H...H.....X..z.z.h....x.z..........z........................h..z..........h.....z........h....z.......MMMMMMMMMM
chr2L:480305-480305^199`SRR3133327.42910318_42910318/1_overlapping`83~163#1	-23	33	MMz............h.................X..............H...Z....H...Z........Z.......Z......x.........X.Z................H...........Z................h................H.......ZX..............H....H...H.....X..Z.Z.H....X.Z..........Z.....................MMMMMMMMMMMMMMMMMMMMMMMMMMMMMMMMMMMMMMMMMMMMMMMMMMMMMMM
chr2L:480305-480305^199`SRR3133328.12658412_12658412/1_overlapping`83~163#1	-23	33	MMMMMMMMMMMMMMMMM................X..............H...Z....H...Z........Z.......Z......X.........X.Z................H...........Z................h................H.......ZX..............H....H...H.....X..Z.Z.H....X.Z..........Z........................H..Z..........H.....Z........H....Z...MMMMMMMMMMMMMM
chr2L:480305-480305^199`SRR3133326.25430446_25430446/1_adjacent`83~163#1	35	116	MMMMMMMMMMMMMMMMMMMMMMMMMM.......X..............H...Z....H...Z........Z.......Z......X.........X.z................H...........Z................H................h.......ZX..............H....h...h.....x..z.z.h....x.Z..........z........................H..z..........H.....z........H....z.................
chr2L:480305-480305^199`SRR3133326.29472880_29472880/1_overlapping`83~163#1	-23	33	MMMMMMMMMMMMMMMMMMMMMMMMMMMMMMMMMMMMMMMMMM......H...Z....H............Z..............X.........X.Z................H...........Z................h................H.......Z...............H....H...H.....X..Z.Z.H....X.Z..........Z........................H..Z..........H.....Z........H....Z..............MMM
chr2L:480305-480305^199`SRR3133327.21213000_21213000/1_overlapping`83~163#1	-23	33	MMMMMMMMMMMMMMMMMMMMMMMMMMMMMMMMMMMMMMMMMMMMMM..H...Z....H...Z........Z.......Z......X.........X.Z................H...........Z................h................H.......ZX..............H....H...H.....X..Z.Z.H....X.Z..........Z........................H..z..........h.....Z.MMMMMMMMMMMMMMMMMMMMMMMMMMMMMM
chr2L:480305-480305^199`SRR3133328.32688261_32688261/1_overlapping`83~163#1	-23	33	MMMMMMMMMMMMMMMMMMMMMMMMMMMMMMMMMMMMMMMMMMMMMMMMMMMMz....H...Z........Z.......Z......X.........X.Z................H...........Z................h................H.......ZX..............H....H...H.....X..Z.Z.H....X.Z..........Z........................H..Z..........H.....Z........H....Z.................
chr2L:480305-480305^199`SRR3133328.4362689_4362689/1_overlapping`83~163#1	-92	56	MMMMMMMMMMMMMMMMMMMMMMMMMMMMMMMMMMMMMMMMMMMMMMMMMMMMMMMMMH...z........z.......z......x.........X.z................H...........Z................h................H.......ZX..............H....H...H.....X..Z.Z......X.Z..........Z........................H..Z..........H.....z........H....z.................
chr2L:480305-480305^199`SRR3133329.24367510_24367510/1_overlapping`83~163#1	35	116	MMMMMMMMMMMMMMMMMMMMMMMMMMMMMMMMMMMMMMMMMMMMMMMMMMMMMMMMMMMMMM........Z.......Z......X.........X.Z................H...........Z................h................H.......ZX..............H....h...H.....x..z.z.h....x.z..........z........................h..z..........h.....z........h....z.................
chr2L:480305-480305^199`SRR3133326.14892156_14892156/1_overlapping`83~163#1	20	131	MMMMMMMMMMMMMMMMMMMMMMMMMMMMMMMMMMMMMMMMMMMMMMMMMMMMMMMMMMMMMMMMMM....Z.......z......X.........X.Z................H...........Z................H................h.......ZX..............h....h...h.....x..z.z.h....x.z..........z........................h..z..........h.....z........h....z.................
chr2L:480305-480305^199`SRR3133326.10601769_10601769/1_overlapping`83~163#1	35	116	MMMMMMMMMMMMMMMMMMMMMMMMMMMMMMMMMMMMMMMMMMMMMMMMMMMMMMMMMMMMMMMMMMMMMMZ.......Z......X.........X.Z................H...........Z................h................H.......zX..............H....h...h.....x..z.z.h....x.z..........z........................h..z..........h.....z........h....z.................
chr2L:480305-480305^199`SRR3133327.31924014_31924014/1_overlapping`83~163#1	35	116	MMMMMMMMMMMMMMMMMMMMMMMMMMMMMMMMMMMMMMMMMMMMMMMMMMMMMMMMMMMMMMMMMMMMMMZ.......Z......X.........X.Z................H...........Z................h................H.......zX..............H....h...h.....x..z.z.h....x.z..........z........................h..z..........h.....z........h....z.................
chr2L:480305-480305^199`SRR3133328.10021765_10021765/1_overlapping`83~163#1	100	51	MMMMMMMMMMMMMMMMMMMMMMMMMMMMMMMMMMMMMMMMMMMMMMMMMMMMMMMMMMMMMMMMMMMMMMMMM.....z......x.........X.Z................H............................h................H.......ZX..............H....H...H.....X..Z.Z.H....X.Z..........Z........................H..z..........h.....z........h....z.................
chr2L:480305-480305^199`SRR3133326.14684879_14684879/1_overlapping`83~163#1	-35	45	MMMMMMMMMMMMMMMMMMMMMMMMMMMMMMMMMMMMMMMMMMMMMMMMMMMMMMMMMMMMMMMMMMMMMMMMMMMMMMMMM....x.........x.Z................H............................h................H.......ZX..............H....H...H.....X..Z.Z.H....X.Z..........Z........................H..z......MMMMMMMMMMMMMMMMMMMMMMMMMMMMMMMMMMMMMMMMMM
chr2L:480305-480305^199`SRR3133327.10965505_10965505/1_overlapping`83~163#1	-23	42	MMMMMMMMMMMMMMMMMMMMMMMMMMMMMMMMMMMMMMMMMMMMMMMMMMMMMMMMMMMMMMMMMMMMMMMMMMMMMMMMMMMMM..........X.Z................H...........Z................h................h.......zX..............H....H...H.....X..Z.Z.H....X.Z..........z........................H..z.....MMMMMMMMMMMMMMMMMMMMMMMMMMMMMMMMMMMMMMMMMMM
chr2L:480305-480305^199`SRR3133329.26754923_26754923/1_overlapping`83~163#1	-35	45	MMMMMMMMMMMMMMMMMMMMMMMMMMMMMMMMMMMMMMMMMMMMMMMMMMMMMMMMMMMMMMMMMMMMMMMMMMMMMMMMMMMMMMMMMMMMMMMMMMM...............H...........z................h................H.......ZX..............H....H...H.....X..Z.Z.H....X.Z..........Z........................H..Z..........H.....Z........H....Z.................
chr2L:480305-480305^199`SRR3133327.18202604_18202604/1_overlapping`83~163#1	75	76	MMMMMMMMMMMMMMMMMMMMMMMMMMMMMMMMMMMMMMMMMMMMMMMMMMMMMMMMMMMMMMMMMMMMMMMMMMMMMMMMMMMMMMMMMMMMMMMMMMMMMMMMMMM.......h...........z................H................h.......ZX..............H....H...H.....X..Z.Z.H....X.Z..........Z........................h..z..........h.....z........h....z.................
chr2L:480305-480305^199`SRR3133329.31975021_31975021/1_overlapping`83~163#1	75	76	MMMMMMMMMMMMMMMMMMMMMMMMMMMMMMMMMMMMMMMMMMMMMMMMMMMMMMMMMMMMMMMMMMMMMMMMMMMMMMMMMMMMMMMMMMMMMMMMMMMMMMMMMMMMMMMMMMh...........Z................H................h.......ZX..............H....H...H.....X..Z.Z.H....X.Z..........Z........................h..z..........h.....z........h....z.................
chr2L:480305-480305^199`SRR3133327.30007778_30007778/1_overlapping`83~163#1	64	87	MMMMMMMMMMMMMMMMMMMMMMMMMMMMMMMMMMMMMMMMMMMMMMMMMMMMMMMMMMMMMMMMMMMMMMMMMMMMMMMMMMMMMMMMMMMMMMMMMMMMMMMMMMMMMMMMMMMMMM........Z................h................H.......ZX..............H....H...H.....x..Z.z.H....x.Z..........z........................h..z..........h.....z........h....z.................
chr2L:480305-480305^199`SRR3133326.6379519_6379519/1_overlapping`83~163#1	64	87	MMMMMMMMMMMMMMMMMMMMMMMMMMMMMMMMMMMMMMMMMMMMMMMMMMMMMMMMMMMMMMMMMMMMMMMMMMMMMMMMMMMMMMMMMMMMMMMMMMMMMMMMMMMMMMMMMMMMMMMMMMM...Z................h................h.......ZX..............H....H...H.....X..Z.Z.H....X.Z..........z........................h..z..........h.....z........h....z.................
chr2L:480305-480305^199`SRR3133328.27041950_27041950/1_overlapping`83~163#2	-150	143	h.z............h.................x..............h...z....h...z........z.......z......x.........x.z................h...........z................H................H......MMMMMMMMMMMMMMMMMMMMMMMMMMMMMMMMMMMMMMMMMMMMMMMMMMMMMMMMMMMMMMMMMMMMMMMMMMMMMMMMMMMMMMMMMMMMMMMMMMMMMMMMMMMMMMMMMMMMMMMMMMMMMMMMMMMMMM
chr2L:480305-480305^199`SRR3133328.30468306_30468306/1_overlapping`83~163#2	-35	54	H.z............H.................X..............H...Z....H...Z........Z.......Z......x.........X.Z................H...........z................h................h.......zMMMMMMMMMMMMMMMMMMMMMMMMMMMMMMMMMMMMMMMMMMMMMMMMMMMMMMMMMMMMMMMMMMMMMMMMMMMMMMMMMMMMMMMMMMMMMMMMMMMMMMMMMMMMMMMMMMMMMMMMMMMMMMMMMMMM
chr2L:480305-480305^199`SRR3133329.24480384_24480384/1_overlapping`83~163#2	-35	54	H.z............H.................X..............H...Z....H...Z........Z.......Z......x.........X.Z................H...........z................h................h.......zMMMMMMMMMMMMMMMMMMMMMMMMMMMMMMMMMMMMMMMMMMMMMMMMMMMMMMMMMMMMMMMMMMMMMMMMMMMMMMMMMMMMMMMMMMMMMMMMMMMMMMMMMMMMMMMMMMMMMMMMMMMMMMMMMMMM
chr2L:480305-480305^199`SRR3133328.15555355_15555355/1_overlapping`83~163#2	-64	91	h.z............H.................X..............H...Z....H...Z........Z.......z......X.........x.z................h...........z................h................h.......zx.......MMMMMMMMMMMMMMMMMMMMMMMMMMMMMMMMMMMMMMMMMMMMMMMMMMMMMMMMMMMMMMMMMMMMMMMMMMMMMMMMMMMMMMMMMMMMMMMMMMMMMMMMMMMMMMMMMMMMMMMMMMMM
chr2L:480305-480305^199`SRR3133327.31598243_31598243/1_overlapping`83~163#2	-52	84	H.z............H.................X..............H...Z....H...Z........Z.......Z......X.........X.Z................h...........z................h................h.......zx............MMMMMMMMMMMMMMMMMMMMMMMMMMMMMMMMMMMMMMMMMMMMMMMMMMMMMMMMMMMMMMMMMMMMMMMMMMMMMMMMMMMMMMMMMMMMMMMMMMMMMMMMMMMMMMMMMMMMMMM
chr2L:480305-480305^199`SRR3133329.836681_836681/1_overlapping`83~163#2	-149	159	H.z............H.................x..............h...z....h...z........z.......z......x..x......x.z................H...........z................h................H.......ZX............MMMMMMMMMMMMMMMMMMMMMMMMMMMMMMMMMMMMMMMMMMMMMMMMMMMMMMMMMMMMMMMMMMMMMMMMMMMMMMMMMMMMMMMMMMMMMMMMMMMMMMMMMMMMMMMMMMMMMMM
chr2L:480305-480305^199`SRR3133326.44263120_44263120/1_overlapping`83~163#2	-35	54	h.z............H.................X..............H...Z....H...Z........Z.......Z......X.........X.Z................H...........z................h................h.......zX..............H....MMMMMMMMMMMMMMMMMMMMMMMMMMMMMMMMMMMMMMMMMMMMMMMMMMMMMMMMMMMMMMMMMMMMMMMMMMMMMMMMMMMMMMMMMMMMMMMMMMMMMMMMMMMMMMMM
chr2L:480305-480305^199`SRR3133329.32357838_32357838/1_overlapping`83~163#2	-150	160	h.z..............................x..............h...z....h...z........z.......z......x.........x.z................h...........z................h................H.......zx..............H....MMMMMMMMMMMMMMMMMMMMMMMMMMMMMMMMMMMMMMMMMMMMMMMMMMMMMMMMMMMMMMMMMMMMMMMMMMMMMMMMMMMMMMMMMMMMMMMMMMMMMMMMMMMMMMMM
chr2L:480305-480305^199`SRR3133327.12319887_12319887/1_overlapping`83~163#2	-150	169	H.z............H.................x..............h...z....h...z........z.......z......x.........x.z................h...........z................h................H.......zX..............H....H..MMMMMMMMMMMMMMMMMMMMMMMMMMMMMMMMMMMMMMMMMMMMMMMMMMMMMMMMMMMMMMMMMMMMMMMMMMMMMMMMMMMMMMMMMMMMMMMMMMMMMMMMMMMMM
chr2L:480305-480305^199`SRR3133326.372979_372979/1_overlapping`83~163#2	-35	74	h.Z..............................X..............H...Z....H...z........Z.......Z......X.........X.Z................H...........z................h................h.......zx..............h....H....MMMMMMMMMMMMMMMMMMMMMMMMMMMMMMMMMMMMMMMMMMMMMMMMMMMMMMMMMMMMMMMMMMMMMMMMMMMMMMMMMMMMMMMMMMMMMMMMMMMMMMMMMMM
chr2L:480305-480305^199`SRR3133328.15195028_15195028/1_overlapping`83~163#2	-97	116	h.z............h.................x..............h...Z....h...z........z.......z......x.........x.z................h...........z................h................H.......zX..............H....H...H....MMMMMMMMMMMMMMMMMMMMMMMMMMMMMMMMMMMMMMMMMMMMMMMMMMMMMMMMMMMMMMMMMMMMMMMMMMMMMMMMMMMMMMMMMMMMMMMMMMMMMMM
chr2L:480305-480305^199`SRR3133327.2054626_2054626/1_overlapping`83~163#2	-54	105	h.z............h.................X..............H...Z....H...z........Z.......Z......X.........X.z................h...........z................h................h.......zx..............h....h...h.....x.MMMMMMMMMMMMMMMMMMMMMMMMMMMMMMMMMMMMMMMMMMMMMMMMMMMMMMMMMMMMMMMMMMMMMMMMMMMMMMMMMMMMMMMMMMMMMMMMMMMM
chr2L:480305-480305^199`SRR3133327.468554_468554/1_overlapping`83~163#2	-116	134	H.z............H.................X..............h...z....h...z........z.......z......x.........x.z................h...........z................h................h.......ZX..............H....H...H.....X..Z.Z.H...MMMMMMMMMMMMMMMMMMMMMMMMMMMMMMMMMMMMMMMMMMMMMMMMMMMMMMMMMMMMMMMMMMMMMMMMMMMMMMMMMMMMMMMMMMM
chr2L:480305-480305^199`SRR3133327.26737120_26737120/1_overlapping`83~163#2	-52	62	H.z............H.................X..............H...Z....H...Z........Z.......Z......X.........X.Z................h...........Z................h................H.......ZX..............H....H...H.....X..Z.Z.H...MMMMMMMMMMMMMMMMMMMMMMMMMMMMMMMMMMMMMMMMMMMMMMMMMMMMMMMMMMMMMMMMMMMMMMMMMMMMMMMMMMMMMMMMMMM
chr2L:480305-480305^199`SRR3133329.7447287_7447287/1_overlapping`83~163#2	-6	76	H.Z............H.................X..............H...Z....H...Z........Z.......Z......X.........X.Z................H...........Z................H................h.......zx..............h....h...h.....x..z.z.h....x.z......MMMMMMMMMMMMMMMMMMMMMMMMMMMMMMMMMMMMMMMMMMMMMMMMMMMMMMMMMMMMMMMMMMMMMMMMMMMMMMMMM
chr2L:480305-480305^199`SRR3133326.24605770_24605770/1_overlapping`83~163#2	-116	126	h.z............H.................X..............h...z....h...z........z.......z......x.........x.z................h...........z................h................H.......ZX..............H....H...H.....X..Z.z.H....X.Z.........MMMMMMMMMMMMMMMMMMMMMMMMMMMMMMMMMMMMMMMMMMMMMMMMMMMMMMMMMMMMMMMMMMMMMMMMMMMMMM
chr2L:480305-480305^199`SRR3133329.43815411_43815411/1_overlapping`83~163#2	-92	111	h.z............h.................X..............h...Z....H...z........z.......z......x.........x.z................h...........z................h................H.......zX..............H....H...H.....X..Z.Z.H....X.Z..........MMMMMMMMMMMMMMMMMMMMMMMMMMMMMMMMMMMMMMMMMMMMMMMMMMMMMMMMMMMMMMMMMMMMMMMMMMMMM
chr2L:480305-480305^199`SRR3133327.27923032_27923032/1_overlapping`83~163#2	-150	168	h.z............h.................x..............h...z....h...z........z.......z......x.........x.z................h...........z................h................h.......ZX..............H....H...h.....x..z.z.h....x.z..........z.........MMMMMMMMMMMMMMMMMMMMMMMMMMMMMMMMMMMMMMMMMMMMMMMMMMMMMMMMMMMMMMMMMMM
chr2L:480305-480305^199`SRR3133328.43287842_43287842/1_overlapping`83~163#2	-52	126	H.Z............H.................X..............H...Z....H...Z........Z.......Z......X.........X.Z................h...........z................h................h.......zx..............h....h...h.....x..z.z.h....x.z..........Z...........MMMMMMMMMMMMMMMMMMMMMMMMMMMMMMMMMMMMMMMMMMMMMMMMMMMMMMMMMMMMMMMMM
chr2L:480305-480305^199`SRR3133329.16140328_16140328/1_overlapping`83~163#2	-116	126	H.Z............H.................X..............h...z....h...z........z.......z......x.........x.z................h...........z................h................H.......ZX..............H....H...H.....X..Z.Z.H....X.Z..........Z...................MMMMMMMMMMMMMMMMMMMMMMMMMMMMMMMMMMMMMMMMMMMMMMMMMMMMMMMMM
chr2L:480305-480305^199`SRR3133327.19062111_19062111/1_overlapping`83~163#2	-116	126	H.Z............H.................X..............h...z....h...z........z.......z......x.........x.z................h...........z................h................H.......ZX..............H....H...H.....X..Z.Z.H....X.Z..........Z.........................MMMMMMMMMMMMMMMMMMMMMMMMMMMMMMMMMMMMMMMMMMMMMMMMMMM
chr2L:480305-480305^199`SRR3133327.41518583_41518583/1_overlapping`83~163#2	-116	126	H.Z............H.................X..............h...z....h...z........z.......z......x.........x.z................h...........z................h................H.......ZX..............H....H...H.....X..Z.Z.H....X.Z..........Z.........................MMMMMMMMMMMMMMMMMMMMMMMMMMMMMMMMMMMMMMMMMMMMMMMMMMM
chr2L:480305-480305^199`SRR3133327.2436549_2436549/1_overlapping`83~163#2	-88	127	H.Z............H.................X..............H...Z....H...Z........z.......z......x.........x.z..h.............h...........z................h................h.......zx..............h....H...H.....X..Z.Z.H....X.Z..........Z........................H..z.MMMMMMMMMMMMMMMMMMMMMMMMMMMMMMMMMMMMMMMMMMMMMMM
chr2L:480305-480305^199`SRR3133327.6476168_6476168/1_overlapping`83~163#2	-23	122	H.Z............H.................X..............H...Z....H...Z........Z.......Z......X.........X.Z................H...........Z................h................h.......zx..............h....h...h.....x..z.z.h....x.z..........z........................H..Z...........MMMMMMMMMMMMMMMMMMMMMMMMMMMMMMMMMMMMM
chr2L:480305-480305^199`SRR3133327.46335336_46335336/1_overlapping`83~163#2	-54	156	h.z............h.................X..............H...Z....H...Z........Z.......Z......X.........X.z................h...........z................h................h.......zx..............h....h...h.....x..z.z.h....x.z..........z........................h..Z..........H.....MMMMMMMMMMMMMMMMMMMMMMMMMMMMMMMM
chr2L:480305-480305^199`SRR3133329.42405542_42405542/1_overlapping`83~163#2	-101	111	h.z............h.................x..............H...z....h...z........z.......z......x.........x.z................h............................h................H.......ZX..............H....H...H.....X..Z.Z.H....X.Z..........Z........................H..Z..........H.....Z.....MMMMMMMMMMMMMMMMMMMMMMMMMM
chr2L:480305-480305^199`SRR3133328.17911018_17911018/1_overlapping`83~163#2	-35	134	MMz............H.................X..............H...Z....H...Z........Z.......Z......x.........X.Z................H...........z................h................h.......zx..............h....h...h.....x..z.z.h....x.z..........z........................H..Z..........H.....Z........h....Z.........MMMMMMMM
chr2L:480305-480305^199`SRR3133327.48771691_48771691/1_overlapping`83~163#2	-92	126	MMMMMMMMMMMMMMMMMMMMMMMMMM.......X..............H...Z....H...z........z.......z......x.........x.z................h...........z................h................h.......zx..............H....H...h.....X..Z.Z.H....X.Z..........z........................h..z..........h.....Z........h....z...............MM
chr2L:480305-480305^199`SRR3133329.34371631_34371631/1_overlapping`83~163#2	-35	148	MMMMMMMMMMMMMMMMMMMMMMMMMMMMMMMMMMM.............H...Z....H...Z........Z.......Z......X.........X.Z................H...........z................H................h.......zx..............h....h...h.....x..z.z.h....x.z..........z........................H..z..........H.....Z.....MMMMMMMMMMMMMMMMMMMMMMMMMM
chr2L:480305-480305^199`SRR3133328.41899211_41899211/1_overlapping`83~163#2	-35	54	MMMMMMMMMMMMMMMMMMMMMMMMMMMMMMMMMMM.............H...Z....H...Z........Z.......Z......X.........X.Z................H...........z................h................H.......zX..............H....H...H.....X..Z.Z.H....X.Z..........Z........................H..z..........h.....Z........H....z..........MMMMMMM
chr2L:480305-480305^199`SRR3133328.36138534_36138534/1_overlapping`83~163#2	-52	151	MMMMMMMMMMMMMMMMMMMMMMMMMMMMMMMMMMM.............H...Z....H...Z........Z.......Z......X.........X.Z................h...........z................h................h.......zx..............h....h...h.....x..Z.z.h....x.z..........z........................H..Z..........H.....Z........H....Z.................
chr2L:480305-480305^199`SRR3133326.11216980_11216980/1_overlapping`83~163#2	-109	208	MMMMMMMMMMMMMMMMMMMMMMMMMMMMMMMMMMMMMMMMM.......h...z....h...z........z.......z......x.........x.z................h...........z................h................h.......zx..............h....h...h.....x..z.z.h....x.z..........z........................H..z..........H.....Z........H....z.................
chr2L:480305-480305^199`SRR3133326.6190520_6190520/1_overlapping`83~163#2	-101	120	MMMMMMMMMMMMMMMMMMMMMMMMMMMMMMMMMMMMMMMMMMMMMM..H...z....H...z........z.......z......x.........x.z................h...........z................h................h.......zX..............H....H...H.....X..Z.Z.H....X.Z..........Z........................H..Z..........H.....Z........H....z.................
chr2L:480305-480305^199`SRR3133326.13165532_13165532/1_overlapping`83~163#2	-6	125	MMMMMMMMMMMMMMMMMMMMMMMMMMMMMMMMMMMMMMMMMMMMMMMMMMMMz....H...Z........Z.......Z......X.........X.Z................H...........Z................H................h.......zx..............h....h...h.....x..z.z.h....x.z..........z........................h..z..........h.....Z........H....Z.................
chr2L:480305-480305^199`SRR3133329.36684035_36684035/1_overlapping`83~163#2	-97	116	MMMMMMMMMMMMMMMMMMMMMMMMMMMMMMMMMMMMMMMMMMMMMMMMMMMMM....h...z........z.......z......x.........x.z................h...........z................h................h.......zX..............H....H...H.....X..Z.Z.H....X.Z..........Z........................H..Z..........H.....Z........H....z.................
chr2L:480305-480305^199`SRR3133328.19741806_19741806/1_overlapping`83~163#2	-35	148	MMMMMMMMMMMMMMMMMMMMMMMMMMMMMMMMMMMMMMMMMMMMMMMMMMMMMM...H...Z........Z.......Z......X.........X.Z................H...........z................h................h.......zx..............h....h...h.....x..z.z.h....x.z..........z........................h..z..........H.....z........h....z.................
chr2L:480305-480305^199`SRR3133328.28573452_28573452/1_overlapping`83~163#2	-92	155	MMMMMMMMMMMMMMMMMMMMMMMMMMMMMMMMMMMMMMMMMMMMMMMMMMMMMM...H...z........z.......z......x.........x.z................h...........z................h................h.......zX..............h....H...h.....x..z.z.h....x.Z..........Z........................H..Z..........H.....Z........H....Z.................
chr2L:480305-480305^199`SRR3133329.42777256_42777256/1_overlapping`83~163#2	-23	122	MMMMMMMMMMMMMMMMMMMMMMMMMMMMMMMMMMMMMMMMMMMMMMMMMMMMMMMMMh...z........z.......z......x.........x.z................h...........Z................h................h.......zx..............h....h...h.....x..z.z.h....x.z..........z........................H..Z..........H.....Z........h....Z.................
chr2L:480305-480305^199`SRR3133327.25965140_25965140/1_overlapping`83~163#2	-6	157	MMMMMMMMMMMMMMMMMMMMMMMMMMMMMMMMMMMMMMMMMMMMMMMMMMMMMMMMMMMMMM........Z.......Z......X.........X.Z................H...........Z................H................h.......zx..............h....h...h.....x..z.z.h....x.z..........z........................h..z..........h.....z........H....z.................
chr2L:480305-480305^199`SRR3133328.46172327_46172327/1_overlapping`83~163#2	-23	71	MMMMMMMMMMMMMMMMMMMMMMMMMMMMMMMMMMMMMMMMMMMMMMMMMMMMMMMMMMMMMMM.......z.......z......x.........x.z................H...........Z................h................h.......zx..............h....h...h....MMMMMMMMMMMMMMMMMMMMMMMMMMMMMMMMMMMMMMMMMMMMMMMMMMMMMMMMMMMMMMMMMMMMMMMMMMMMMMMMMMMMMMMMMMMMMMMMMMMMMMM
chr2L:480305-480305^199`SRR3133326.2247651_2247651/1_overlapping`83~163#2	-6	55	MMMMMMMMMMMMMMMMMMMMMMMMMMMMMMMMMMMMMMMMMMMMMMMMMMMMMMMMMMMMMMM.......Z.......Z......X.........X.Z................H...........Z................H................h.......zX..............h....h...h.....X..Z.Z.H....X.Z..........Z........................H..z..........h.....z........h....z.................
chr2L:480305-480305^199`SRR3133326.6754811_6754811/1_overlapping`83~163#2	-6	55	MMMMMMMMMMMMMMMMMMMMMMMMMMMMMMMMMMMMMMMMMMMMMMMMMMMMMMMMMMMMMMM.......Z.......Z......X.........X.Z................H...........Z................H................h.......zX..............h....h...h.....X..Z.Z.H....X.Z..........Z........................H..z..........h.....z........h....z.................
chr2L:480305-480305^199`SRR3133328.31099685_31099685/1_overlapping`83~163#2	-6	157	MMMMMMMMMMMMMMMMMMMMMMMMMMMMMMMMMMMMMMMMMMMMMMMMMMMMMMMMMMMMMMMM......Z.......Z......X.........X.Z................H...........Z................H................h.......zx..............h....h...h.....x..z.z.h....x.z..........z........................h..z..........h.....z........h....z.................
chr2L:480305-480305^199`SRR3133329.27317315_27317315/1_overlapping`83~163#2	-23	151	MMMMMMMMMMMMMMMMMMMMMMMMMMMMMMMMMMMMMMMMMMMMMMMMMMMMMMMMMMMMMMMMMMM...z.......Z......X.........X.Z................H...........Z................h................h.......zx..............h....h...h.....x..z.z.h....x.z..........z........................H..z..........H.....z........H....z........MMMMMMMMM
chr2L:480305-480305^199`SRR3133327.31989513_31989513/1_overlapping`83~163#2	-79	230	MMMMMMMMMMMMMMMMMMMMMMMMMMMMMMMMMMMMMMMMMMMMMMMMMMMMMMMMMMMMMMMMMMMMMMM.......z......x.........x.z................h...........z................h................h.......zx..............h....h...h.....x..z.z.h....x.z..........z........................h..z..........h.....z........h....z.................
chr2L:480305-480305^199`SRR3133326.43244534_43244534/1_overlapping`83~163#2	-54	93	MMMMMMMMMMMMMMMMMMMMMMMMMMMMMMMMMMMMMMMMMMMMMMMMMMMMMMMMMMMMMMMMMMMMMMMMMM....z......X.........X.z................h...........z................h................h.......zx..............h....H...H.....X..Z.z.h....x.Z..........Z...........x............H..Z..........H.....Z........H....Z.................
chr2L:480305-480305^199`SRR3133327.46820788_46820788/1_overlapping`83~163#2	-54	115	MMMMMMMMMMMMMMMMMMMMMMMMMMMMMMMMMMMMMMMMMMMMMMMMMMMMMMMMMMMMMMMMMMMMMMMMMMMMMMz......X.........X.z................h...........z................h................h.......zx..............h....h...h.....x..z.z.h....X.Z..........z........................H..Z..........H.....Z........H....Z.................
chr2L:480305-480305^199`SRR3133328.41019958_41019958/1_overlapping`83~163#2	-6	134	MMMMMMMMMMMMMMMMMMMMMMMMMMMMMMMMMMMMMMMMMMMMMMMMMMMMMMMMMMMMMMMMMMMMMMMMMMMMMMZ......X.........X.z................H...........Z................H................h.......zx..............h....h...h.....x..z.z.H....x.z..........z........................h..z..........H.....z........H....Z.................
chr2L:480305-480305^199`SRR3133327.25518624_25518624/1_overlapping`83~163#2	-71	110	MMMMMMMMMMMMMMMMMMMMMMMMMMMMMMMMMMMMMMMMMMMMMMMMMMMMMMMMMMMMMMMMMMMMMMMMMMMMMMM......x.........x.z................h...........z................h................h.......zx..............h....H...H.....X..Z.Z.H....X.Z..........z........................h..z..........h.....z........h....z.................
chr2L:480305-480305^199`SRR3133326.11981083_11981083/1_overlapping`83~163#2	11	122	MMMMMMMMMMMMMMMMMMMMMMMMMMMMMMMMMMMMMMMMMMMMMMMMMMMMMMMMMMMMMMMMMMMMMMMMMMMMMMMM.....x.........x.z................h...........z................h................H.......zX..............h....h...h.....x..z.z.h....x.Z..........z........................h..z..........H.....z........h....Z.................
chr2L:480305-480305^199`SRR3133329.43579215_43579215/1_overlapping`83~163#2	-6	119	MMMMMMMMMMMMMMMMMMMMMMMMMMMMMMMMMMMMMMMMMMMMMMMMMMMMMMMMMMMMMMMMMMMMMMMMMMMMMMMMM....X.........X.Z............................Z................H................h.......zx..............h....h...h.....x..z.z.h....x.z..........z........................h..z..........H.....Z........H....Z.................
chr2L:480305-480305^199`SRR3133328.5777615_5777615/1_overlapping`83~163#2	-6	157	MMMMMMMMMMMMMMMMMMMMMMMMMMMMMMMMMMMMMMMMMMMMMMMMMMMMMMMMMMMMMMMMMMMMMMMMMMMMMMMMMMMM.x.........x.z................h...........Z................H................h.......zx..............h....h...h.....x..z.z.h....x.z..........z........................h..z..........h.....z........h....z.................
chr2L:480305-480305^199`SRR3133326.44520295_44520295/1_overlapping`83~163#2	-62	72	MMMMMMMMMMMMMMMMMMMMMMMMMMMMMMMMMMMMMMMMMMMMMMMMMMMMMMMMMMMMMMMMMMMMMMMMMMMMMMMMMMMMMMMM.......x.z................h...........z................h................H.......ZX..............H....H...H.....X..Z.Z.H....X.Z..........Z........................H..Z..........H.....Z........H....z.................
chr2L:480305-480305^199`SRR3133327.17260457_17260457/1_overlapping`83~163#2	-6	157	MMMMMMMMMMMMMMMMMMMMMMMMMMMMMMMMMMMMMMMMMMMMMMMMMMMMMMMMMMMMMMMMMMMMMMMMMMMMMMMMMMMMMMMM.......x.z................H...........Z................H................h.......zx..............h....h...h.....x..z.z.h....x.z..........z........................h..z..........h.....z........h....z.................
chr2L:480305-480305^199`SRR3133328.7160521_7160521/1_overlapping`83~163#2	-23	142	MMMMMMMMMMMMMMMMMMMMMMMMMMMMMMMMMMMMMMMMMMMMMMMMMMMMMMMMMMMMMMMMMMMMMMMMMMMMMMMMMMMMMMMM.......X.Z................H...........Z................h................h.......zx..............h........h.....x..z.Z.h....x.z..........z........................h..z..........h.....Z........h....z.................
chr2L:480305-480305^199`SRR3133328.44043292_44043292/1_overlapping`83~163#2	-35	134	MMMMMMMMMMMMMMMMMMMMMMMMMMMMMMMMMMMMMMMMMMMMMMMMMMMMMMMMMMMMMMMMMMMMMMMMMMMMMMMMMMMMMMMMMMMMM..x.Z................H...........z................h................h.......zx..............h....h...h.....x..z.z.h....x.z..........z........................H..Z..........H.....Z........h....z.................
chr2L:480305-480305^199`SRR3133329.6600065_6600065/1_overlapping`83~163#2	-6	134	MMMMMMMMMMMMMMMMMMMMMMMMMMMMMMMMMMMMMMMMMMMMMMMMMMMMMMMMMMMMMMMMMMMMMMMMMMMMMMMMMMMMMMMMMMMMMMMMMz................H...........Z................H................h.......zx..............h....h...h.....x..z.z.h....x.z..........z........................h..z..........h.....z........H....z.................
chr2L:480305-480305^199`SRR3133329.47055027_47055027/1_overlapping`83~163#2	-6	134	MMMMMMMMMMMMMMMMMMMMMMMMMMMMMMMMMMMMMMMMMMMMMMMMMMMMMMMMMMMMMMMMMMMMMMMMMMMMMMMMMMMMMMMMMMMMMMMMMz................H...........Z................H................h.......zx..............h....h...h.....x..z.z.h....x.z..........z........................h..z..........h.....z........H....z.................
chr2L:480305-480305^199`SRR3133329.29337039_29337039/1_overlapping`83~163#2	-6	119	MMMMMMMMMMMMMMMMMMMMMMMMMMMMMMMMMMMMMMMMMMMMMMMMMMMMMMMMMMMMMMMMMMMMMMMMMMMMMMMMMMMMMMMMMMMMMMMMMMM...............H...........Z................H................h.......zx..............h....h...h.....x..z.z.h....x.z..........z........................H..z..........H.....Z........H....Z.................
chr2L:480305-480305^199`SRR3133327.15091316_15091316/1_overlapping`83~163#2	-48	58	MMMMMMMMMMMMMMMMMMMMMMMMMMMMMMMMMMMMMMMMMMMMMMMMMMMMMMMMMMMMMMMMMMMMMMMMMMMMMMMMMMMMMMMMMMMMMMMMMMMMMM............h...........z................h................H.......ZX..............H....H...H.....X..Z.Z.H....X.Z..........z........................H..Z..........H.....Z........H....z.................
chr2L:480305-480305^199`SRR3133327.5414332_5414332/1_overlapping`83~163#2	-47	86	MMMMMMMMMMMMMMMMMMMMMMMMMMMMMMMMMMMMMMMMMMMMMMMMMMMMMMMMMMMMMMMMMMMMMMMMMMMMMMMMMMMMMMMMMMMMMMMMMMMMMMM.......................z................h................h.......zx..............h....H...h.....x..z.z.h....x.z..........z........................H..Z..........H.....MMMMMMMMMMMMMMMMMMMMMMMMMMMMMMMM
chr2L:480305-480305^199`SRR3133329.18002219_18002219/1_overlapping`83~163#2	-6	157	MMMMMMMMMMMMMMMMMMMMMMMMMMMMMMMMMMMMMMMMMMMMMMMMMMMMMMMMMMMMMMMMMMMMMMMMMMMMMMMMMMMMMMMMMMMMMMMMMMMMMMMM..........H...........Z................H................h.......zx..............h....h...h.....x..z.z.h....x.z..........z........................h..z..........h.....z........h....z.................
chr2L:480305-480305^199`SRR3133329.17494030_17494030/1_overlapping`83~163#2	-43	53	MMMMMMMMMMMMMMMMMMMMMMMMMMMMMMMMMMMMMMMMMMMMMMMMMMMMMMMMMMMMMMMMMMMMMMMMMMMMMMMMMMMMMMMMMMMMMMMMMMMMMMMMMMM...................z.................................H.......ZX..............H....H...H.....X..Z.Z.H....X.Z..........Z........................H..Z..........H.....Z........H....z.................
chr2L:480305-480305^199`SRR3133327.47515748_47515748/1_overlapping`83~163#2	-23	174	MMMMMMMMMMMMMMMMMMMMMMMMMMMMMMMMMMMMMMMMMMMMMMMMMMMMMMMMMMMMMMMMMMMMMMMMMMMMMMMMMMMMMMMMMMMMMMMMMMMMMMMMMMMMMMMMMMMMM.........Z.................................h.......zx..............h....h...h.....x..z.z.h....x.z..........z........................h..z..........h.....z........h....z.................
chr2L:480305-480305^199`SRR3133326.1914177_1914177/1_overlapping`83~163#2	-23	174	MMMMMMMMMMMMMMMMMMMMMMMMMMMMMMMMMMMMMMMMMMMMMMMMMMMMMMMMMMMMMMMMMMMMMMMMMMMMMMMMMMMMMMMMMMMMMMMMMMMMMMMMMMMMMMMMMMMMMMMMM.....Z................h................h.......zx..............h....h...h.....x..z.z.h....x.z..........z........................h..z..........h.....z........h....z.................
chr2L:480305-480305^199`SRR3133327.2916001_2916001/1_overlapping`83~163#2	-28	77	MMMMMMMMMMMMMMMMMMMMMMMMMMMMMMMMMMMMMMMMMMMMMMMMMMMMMMMMMMMMMMMMMMMMMMMMMMMMMMMMMMMMMMMMMMMMMMMMMMMMMMMMMMMMMMMMMMMMMMMMMM.....................h................h.......zx..............h....h...h.....X..Z.Z.H....X.Z..........Z........................h..z..........H.....z........h....z.................
chr2L:480305-480305^199`SRR3133328.14462684_14462684/1_overlapping`83~163#2	-27	140	MMMMMMMMMMMMMMMMMMMMMMMMMMMMMMMMMMMMMMMMMMMMMMMMMMMMMMMMMMMMMMMMMMMMMMMMMMMMMMMMMMMMMMMMMMMMMMMMMMMMMMMMMMMMMMMMMMMMMMMMMMM...z................h................h.......zx..............h....h...h.....x..z.z.h....x.z..........z........................h..z..........H.....z........H....Z.................
chr2L:480305-480305^199`SRR3133326.36289306_36289306/1_overlapping`83~163#2	-24	175	MMMMMMMMMMMMMMMMMMMMMMMMMMMMMMMMMMMMMMMMMMMMMMMMMMMMMMMMMMMMMMMMMMMMMMMMMMMMMMMMMMMMMMMMMMMMMMMMMMMMMMMMMMMMMMMMMMMMMMMMMMMMMMz...........h....h................h.......zx..............h....h...h.....x..z.z.h....x.z..........z........................h..z..........h.....z........h....z.................
chr2L:480305-480305^199`SRR3133329.30591823_30591823/1_overlapping`83~163#3	64	87	MMMMMMMMMMMMMMMMMMMMMMMMMMMMMMMMMMMMMMMMMMMMMMMMMMMMMMMMMMMMMMMMMMMMMMMMMMMMMMMMMMMMMMMMMMMMMMMMMMMMMMMMMMMMMMM...h...........z................h................H.......ZX..............H....H...H.....X..Z.z.H....X.Z..........z........................h..z..........h.....z........h....z.................
chr2L:480305-480305^199`SRR3133328.24781228_24781228/1_overlapping`83~163#3	20	43	MMMMMMMMMMMMMMMMMMMMMMMMMMMMMMMMMMMMMMMMMMMMMMMMMMMMMMMMMMMMMMMMMMMMMMMMMMMMMMMMMMMMMMMMMMMMMMMMMMMMMMMMMMMMMMMMMMMMMMMMMMMMMMMMMMM............h................h.......ZX..............h....h...h.....x..z.z.h....x.Z..........Z........................H..Z..........H.....Z........H....Z.................
chr2L:480305-480305^199`SRR3133327.37985692_37985692/1_overlapping`83~163#3	-17	27	MMMMMMMMMMMMMMMMMMMMMMMMMMMMMMMMMMMMMMMMMMMMMMMMMMMMMMMMMMMMMMMMMMMMMMMMMMMMMMMMMMMMMMMMMMMMMMMMMMMMMMMMMMMMMMMMMMMMMMMMMMMMMMMMMMMMM..........h................H.......ZX..............H....H...H.....X..Z.Z.H....X.Z..........Z........................H..Z..........H.....Z........H....Z.................
